Name,Age,Field of Study,Experience (Years),Technical Skills,Communication Skills,Problem-Solving Skills,Teamwork,Overall Score,Job Recommendations,Training Recommendations
Ann Guerra,29,Mechanical Engineering,6,60,62,88,90,75.0,CAD Specialist,SolidWorks
Christy Klein,33,AI & ML,3,60,67,78,82,71.75,Data Scientist,AI Ethics
Carol Black,24,AI & ML,5,100,87,87,100,93.5,ML Engineer,Deep Learning
Rebecca Ferguson,23,AI & ML,4,86,84,55,78,75.75,AI Researcher,TensorFlow Basics
Lisa Mccarthy,32,AI & ML,10,50,63,82,52,61.75,ML Engineer,TensorFlow Basics
Anita Green,33,AI & ML,2,97,95,87,59,84.5,ML Engineer,AI Ethics
Monica Rivas,23,Finance,8,99,100,65,92,89.0,Risk Manager,Financial Modeling
Daniel Davidson,30,Computer Science,6,64,69,93,99,81.25,Software Engineer,Advanced SQL
Ernest Herring,33,Mechanical Engineering,4,79,79,62,78,74.5,CAD Specialist,Project Management
David Thompson,27,Marketing,3,76,70,52,54,63.0,SEO Analyst,Social Media Marketing
Michael Harrell,22,Mechanical Engineering,2,71,57,94,96,79.5,Maintenance Engineer,AutoCAD
Danny Kline,25,Computer Science,0,59,51,63,60,58.25,Software Engineer,Python Basics
Andrew Gonzalez,24,Computer Science,6,70,61,77,77,71.25,Data Analyst,Advanced SQL
Maria Martinez,24,Marketing,3,85,99,70,72,81.5,Digital Marketing Manager,Google Analytics
Diane Wheeler,21,Finance,4,78,54,61,94,71.75,Accountant,Investment Analysis
Cynthia Martin,24,Computer Science,6,100,80,91,60,82.75,Data Analyst,Advanced SQL
William Moore,34,Civil Engineering,2,78,75,57,79,72.25,Structural Engineer,Revit
Cheryl Green DDS,24,Mechanical Engineering,9,73,81,85,66,76.25,Maintenance Engineer,AutoCAD
Grace Becker,31,Mechanical Engineering,0,92,55,83,91,80.25,Maintenance Engineer,Project Management
Barry Daugherty,31,Marketing,4,72,61,56,74,65.75,SEO Analyst,Google Analytics
Leslie Johnson,30,Mechanical Engineering,4,89,54,83,88,78.5,Maintenance Engineer,AutoCAD
Heather Donaldson,31,AI & ML,2,91,82,80,88,85.25,Data Scientist,AI Ethics
Jacqueline Campbell DVM,35,Marketing,1,97,66,75,74,78.0,Digital Marketing Manager,Social Media Marketing
James Potter,27,Finance,4,67,56,60,93,69.0,Risk Manager,Advanced Excel
Laura Blackwell,23,Marketing,3,60,57,63,69,62.25,Digital Marketing Manager,Content Strategy
Danielle Carter,21,AI & ML,1,59,83,76,88,76.5,ML Engineer,Deep Learning
Joseph Martin,23,Computer Science,9,70,94,58,100,80.5,Full Stack Developer,Advanced SQL
Keith Mendez,23,Finance,2,93,73,84,73,80.75,Accountant,Financial Modeling
Jennifer Gonzales,26,Finance,8,53,80,51,100,71.0,Risk Manager,Financial Modeling
Jamie Trevino Jr.,34,AI & ML,9,99,60,59,97,78.75,ML Engineer,AI Ethics
Ronald Marquez,30,Mechanical Engineering,8,70,60,99,85,78.5,Design Engineer,Project Management
Patricia Lopez,29,Marketing,0,52,83,66,70,67.75,Digital Marketing Manager,Content Strategy
Sherry Rivers,29,Marketing,0,57,90,67,71,71.25,SEO Analyst,Google Analytics
Stephanie Silva,31,Marketing,5,61,71,50,56,59.5,Digital Marketing Manager,Content Strategy
Andrea Martinez,29,Mechanical Engineering,7,65,99,63,88,78.75,Design Engineer,SolidWorks
Megan Jones,35,Computer Science,1,93,96,67,60,79.0,Full Stack Developer,Advanced SQL
Linda Compton,29,AI & ML,3,66,50,88,83,71.75,AI Researcher,AI Ethics
Stephanie Stone,29,Mechanical Engineering,4,68,65,97,91,80.25,Design Engineer,AutoCAD
Rebecca Ross,22,Finance,0,83,94,92,52,80.25,Accountant,Advanced Excel
Tracy Martin,21,Mechanical Engineering,8,80,88,88,67,80.75,CAD Specialist,AutoCAD
Samantha Ruiz,24,Marketing,9,70,69,72,56,66.75,Digital Marketing Manager,Content Strategy
Daniel Williams,23,Civil Engineering,0,76,56,93,57,70.5,Structural Engineer,Revit
Peter Blankenship,24,Finance,7,98,57,78,61,73.5,Risk Manager,Advanced Excel
Darrell Flores,32,Finance,4,87,92,90,96,91.25,Risk Manager,Investment Analysis
Maria Gonzalez,29,Computer Science,6,56,100,60,66,70.5,Data Analyst,Python Basics
Kevin Hernandez,31,Finance,0,51,79,56,100,71.5,Accountant,Investment Analysis
Holly Thomas,23,Civil Engineering,9,70,55,99,79,75.75,Structural Engineer,Construction Management
Karen Martinez,32,Marketing,2,96,52,78,51,69.25,SEO Analyst,Social Media Marketing
Michael Miller,25,Finance,4,94,100,89,75,89.5,Financial Analyst,Advanced Excel
Dustin Powers,27,Finance,6,50,77,58,66,62.75,Financial Analyst,Financial Modeling
Christina Blake,22,Marketing,0,62,98,77,98,83.75,Content Strategist,Social Media Marketing
Lauren Lam DDS,35,Mechanical Engineering,8,70,60,61,73,66.0,Design Engineer,SolidWorks
Mark Miller Jr.,22,Civil Engineering,2,51,57,76,98,70.5,Surveyor,Revit
Megan Stevenson,27,Marketing,4,81,58,93,87,79.75,SEO Analyst,Social Media Marketing
John Brown,35,Mechanical Engineering,5,80,53,76,51,65.0,CAD Specialist,AutoCAD
Casey Goodwin,22,Finance,5,84,59,71,66,70.0,Risk Manager,Investment Analysis
Joseph Martin,32,Marketing,8,61,96,99,87,85.75,Digital Marketing Manager,Google Analytics
Nathaniel Arroyo,29,Mechanical Engineering,10,65,95,83,65,77.0,Design Engineer,Project Management
Tara Bailey,32,Marketing,6,82,93,94,95,91.0,SEO Analyst,Social Media Marketing
Kenneth Nguyen,32,Civil Engineering,4,72,57,100,93,80.5,Project Manager,Structural Analysis
Tanya Taylor,22,Mechanical Engineering,7,94,93,75,99,90.25,CAD Specialist,SolidWorks
Ms. Courtney Thompson,24,Civil Engineering,6,78,81,74,71,76.0,Surveyor,Structural Analysis
Kristi Baxter,26,Computer Science,0,98,88,58,72,79.0,Data Analyst,Data Structures
Donna Harris,27,AI & ML,4,84,84,69,87,81.0,ML Engineer,TensorFlow Basics
Zachary Frazier,27,Mechanical Engineering,1,56,75,86,83,75.0,Maintenance Engineer,SolidWorks
Jessica Russell,21,Marketing,9,81,85,59,93,79.5,Content Strategist,Content Strategy
Lee Gallegos,22,Civil Engineering,6,71,52,76,67,66.5,Surveyor,Structural Analysis
Antonio Simmons,29,Finance,10,60,82,66,83,72.75,Accountant,Financial Modeling
Whitney Brown,27,Computer Science,1,85,95,63,64,76.75,Full Stack Developer,Data Structures
Cheryl Krueger,22,Finance,0,68,79,84,79,77.5,Risk Manager,Financial Modeling
Anna Rosales,21,AI & ML,8,81,64,73,74,73.0,ML Engineer,AI Ethics
Jasmine Mathis,31,Finance,3,51,71,65,58,61.25,Risk Manager,Financial Modeling
Shawn Brown,30,Marketing,8,56,98,99,67,80.0,SEO Analyst,Content Strategy
Dylan Farrell,26,Marketing,2,97,58,93,57,76.25,SEO Analyst,Content Strategy
Michelle Harper,25,Mechanical Engineering,1,82,70,56,100,77.0,Maintenance Engineer,AutoCAD
Alexandra Robinson,28,Marketing,6,55,81,70,88,73.5,Content Strategist,Google Analytics
Katie Gray,23,Computer Science,7,88,78,98,73,84.25,Software Engineer,Advanced SQL
Dr. Brian Velasquez II,30,Mechanical Engineering,4,85,99,91,62,84.25,Maintenance Engineer,SolidWorks
Janet Byrd,34,Computer Science,8,57,90,72,87,76.5,Full Stack Developer,Advanced SQL
Amber Moore,26,Civil Engineering,9,79,89,67,73,77.0,Project Manager,Structural Analysis
Michaela Figueroa,35,Civil Engineering,3,70,54,51,64,59.75,Surveyor,Revit
Kara Gregory,33,Civil Engineering,9,81,73,87,52,73.25,Structural Engineer,Structural Analysis
Elizabeth Thompson,32,Mechanical Engineering,7,89,72,89,54,76.0,Design Engineer,AutoCAD
Dean Franklin,27,Civil Engineering,9,56,84,54,76,67.5,Structural Engineer,Revit
Lisa Rasmussen,35,Computer Science,4,98,68,70,84,80.0,Data Analyst,Advanced SQL
Madeline Shea,32,Mechanical Engineering,5,78,77,72,59,71.5,Design Engineer,Project Management
John Martinez,33,Marketing,1,74,64,85,51,68.5,SEO Analyst,Social Media Marketing
Diana Johnson,27,Mechanical Engineering,5,61,53,71,57,60.5,Maintenance Engineer,SolidWorks
Austin Wong,32,Mechanical Engineering,8,82,81,89,59,77.75,CAD Specialist,Project Management
Nathan Hunter,31,Mechanical Engineering,9,100,53,100,58,77.75,Maintenance Engineer,Project Management
Mark Smith,33,Finance,7,56,87,65,51,64.75,Risk Manager,Advanced Excel
George Howard,21,Mechanical Engineering,2,97,57,50,77,70.25,CAD Specialist,Project Management
Yvonne Brown,26,Marketing,5,61,50,88,67,66.5,SEO Analyst,Social Media Marketing
Carlos Jenkins MD,31,Mechanical Engineering,10,51,51,54,81,59.25,Design Engineer,SolidWorks
Philip Lewis,28,Civil Engineering,1,90,67,59,93,77.25,Project Manager,Revit
Joseph Moss,31,AI & ML,7,63,60,73,53,62.25,AI Researcher,Deep Learning
David Jordan,27,Civil Engineering,2,62,92,99,86,84.75,Structural Engineer,Construction Management
Patricia Torres,32,Civil Engineering,7,63,82,82,83,77.5,Project Manager,Construction Management
Alexander Collins,23,Civil Engineering,2,89,62,57,56,66.0,Surveyor,Construction Management
Connie Estrada,32,Marketing,5,60,92,73,53,69.5,Content Strategist,Social Media Marketing
Ryan White,26,Marketing,4,56,76,56,87,68.75,Content Strategist,Social Media Marketing
Victoria Burton,31,Computer Science,0,75,62,60,97,73.5,Data Analyst,Advanced SQL
Barbara Perez,30,AI & ML,9,59,100,81,71,77.75,AI Researcher,AI Ethics
Susan Barr,32,Civil Engineering,6,52,91,63,64,67.5,Structural Engineer,Structural Analysis
Benjamin Nelson,21,Civil Engineering,1,76,82,53,59,67.5,Project Manager,Structural Analysis
Grant Stanley,29,AI & ML,2,66,59,81,76,70.5,AI Researcher,Deep Learning
Marcus Glover,26,Marketing,4,78,56,59,60,63.25,Digital Marketing Manager,Social Media Marketing
Nicole Johnson,24,Mechanical Engineering,1,90,69,77,94,82.5,Maintenance Engineer,SolidWorks
Mrs. Meghan Malone,35,Civil Engineering,2,72,56,50,92,67.5,Structural Engineer,Structural Analysis
Deborah Reeves,21,Marketing,6,91,75,79,61,76.5,SEO Analyst,Social Media Marketing
Nicole Martinez,21,AI & ML,1,62,90,84,71,76.75,Data Scientist,TensorFlow Basics
Jonathan Sanchez,32,Civil Engineering,2,93,63,60,68,71.0,Project Manager,Revit
Dennis Barker,29,AI & ML,2,88,88,56,57,72.25,ML Engineer,Deep Learning
Arthur Smith,32,AI & ML,6,98,73,73,68,78.0,AI Researcher,TensorFlow Basics
Dennis Downs,26,AI & ML,7,65,63,67,78,68.25,ML Engineer,TensorFlow Basics
Morgan Chavez,32,Finance,3,90,54,86,51,70.25,Risk Manager,Investment Analysis
Patricia Davidson,31,Finance,9,100,71,81,86,84.5,Risk Manager,Investment Analysis
David Henderson,35,Marketing,10,62,82,62,56,65.5,Content Strategist,Content Strategy
Alexandra Day,26,Finance,5,78,76,53,97,76.0,Accountant,Investment Analysis
James Lee,33,Marketing,5,52,85,62,100,74.75,Content Strategist,Content Strategy
John Edwards,21,Computer Science,4,64,85,78,88,78.75,Data Analyst,Data Structures
Adrian Johnson,35,Marketing,8,82,93,56,54,71.25,Digital Marketing Manager,Content Strategy
Wendy Rodriguez,30,Finance,4,68,78,83,64,73.25,Risk Manager,Advanced Excel
Virginia Jones,22,Computer Science,4,80,96,67,50,73.25,Full Stack Developer,Data Structures
Sheila Moore,28,AI & ML,5,99,53,100,57,77.25,ML Engineer,Deep Learning
Brian Mcneil,28,Civil Engineering,1,80,64,85,79,77.0,Project Manager,Construction Management
Tommy Riddle,25,AI & ML,10,61,80,91,100,83.0,ML Engineer,AI Ethics
Mr. Timothy Friedman DVM,33,Mechanical Engineering,4,88,69,93,82,83.0,Maintenance Engineer,AutoCAD
Sonya Thompson,24,Civil Engineering,1,73,57,74,96,75.0,Project Manager,Revit
David Villanueva,29,Civil Engineering,8,94,93,82,72,85.25,Structural Engineer,Revit
Carol Ford,29,Computer Science,8,96,99,90,64,87.25,Data Analyst,Data Structures
Chad Petersen,25,Mechanical Engineering,4,86,62,80,93,80.25,Maintenance Engineer,AutoCAD
Shari Price,22,Computer Science,10,67,95,79,52,73.25,Full Stack Developer,Python Basics
Shannon Young,30,Civil Engineering,1,79,94,74,69,79.0,Surveyor,Revit
Mrs. Gwendolyn Martin,24,AI & ML,1,65,65,87,51,67.0,ML Engineer,AI Ethics
Trevor Johnson,30,AI & ML,8,80,100,65,97,85.5,AI Researcher,Deep Learning
Joshua Thompson,26,Finance,8,73,78,95,77,80.75,Financial Analyst,Financial Modeling
Mark Morris,29,AI & ML,5,53,83,70,68,68.5,Data Scientist,AI Ethics
Mr. Christopher Beasley,22,Civil Engineering,6,87,60,74,52,68.25,Structural Engineer,Revit
Luis Moss,21,Marketing,3,93,65,94,59,77.75,SEO Analyst,Content Strategy
Jodi Vasquez,34,Finance,2,61,66,94,62,70.75,Accountant,Advanced Excel
Jimmy Jacobs,24,Computer Science,7,63,89,89,56,74.25,Data Analyst,Data Structures
Justin Rodriguez,31,Finance,9,97,91,50,81,79.75,Accountant,Investment Analysis
Dawn Smith,32,Civil Engineering,7,52,85,71,64,68.0,Structural Engineer,Construction Management
Kelly Davis,26,Finance,8,98,65,97,76,84.0,Risk Manager,Advanced Excel
Wendy Lewis,24,Finance,7,81,91,94,100,91.5,Accountant,Advanced Excel
Carlos Meyers,32,Civil Engineering,5,90,60,50,86,71.5,Structural Engineer,Structural Analysis
Lisa Carlson,25,AI & ML,8,95,95,69,93,88.0,Data Scientist,Deep Learning
Melissa Jones,33,Marketing,1,66,72,95,75,77.0,Content Strategist,Google Analytics
Sherri Nelson,24,AI & ML,7,69,84,76,83,78.0,Data Scientist,Deep Learning
Heather Wilson,23,AI & ML,9,66,83,50,95,73.5,Data Scientist,AI Ethics
Mallory Williams,27,Marketing,7,73,87,85,77,80.5,SEO Analyst,Social Media Marketing
Kimberly Mccormick,23,AI & ML,10,64,61,67,63,63.75,Data Scientist,TensorFlow Basics
Samantha Miller,21,Civil Engineering,10,84,63,85,51,70.75,Project Manager,Construction Management
Brian Marshall,26,Finance,10,93,73,86,72,81.0,Accountant,Advanced Excel
Cynthia Wilson DDS,31,AI & ML,6,59,76,77,100,78.0,AI Researcher,Deep Learning
Mark Calderon,34,Computer Science,7,76,68,54,85,70.75,Full Stack Developer,Advanced SQL
Terri Barnes,23,Mechanical Engineering,1,53,87,94,66,75.0,Maintenance Engineer,AutoCAD
Christian Griffith,35,Marketing,5,91,90,55,50,71.5,Digital Marketing Manager,Google Analytics
Karla Frank,35,Finance,2,57,97,85,90,82.25,Risk Manager,Financial Modeling
Brandon Schroeder,21,Computer Science,10,72,55,70,95,73.0,Software Engineer,Advanced SQL
Daniel Jones,30,Civil Engineering,4,87,84,93,73,84.25,Project Manager,Revit
Pamela Williams,29,Mechanical Engineering,9,67,88,69,94,79.5,CAD Specialist,AutoCAD
Randy Johnson,33,Civil Engineering,3,84,50,58,65,64.25,Project Manager,Revit
Javier Alexander,34,Computer Science,10,94,82,81,79,84.0,Data Analyst,Advanced SQL
Stacie Poole,27,Finance,8,84,86,86,97,88.25,Risk Manager,Advanced Excel
Melissa Mullen,25,AI & ML,3,51,67,62,68,62.0,ML Engineer,Deep Learning
Lauren Allen,28,Marketing,6,77,56,88,68,72.25,Digital Marketing Manager,Content Strategy
Sarah Poole,26,Marketing,0,66,93,59,57,68.75,SEO Analyst,Social Media Marketing
Timothy King,24,Marketing,7,86,83,94,71,83.5,SEO Analyst,Content Strategy
Jennifer Cooper,21,Computer Science,4,90,80,65,55,72.5,Software Engineer,Advanced SQL
Frank Williams,29,Finance,10,53,77,92,64,71.5,Accountant,Financial Modeling
Craig Robinson,26,AI & ML,6,79,97,64,73,78.25,Data Scientist,Deep Learning
Barbara Black,25,Marketing,6,98,69,89,86,85.5,Content Strategist,Social Media Marketing
Brian Dean,35,Finance,10,90,54,84,77,76.25,Risk Manager,Investment Analysis
Elizabeth Bridges,22,Marketing,3,87,81,81,77,81.5,SEO Analyst,Google Analytics
Mary Flynn,31,Finance,7,66,55,69,80,67.5,Accountant,Investment Analysis
Adam Leonard,25,Mechanical Engineering,2,56,58,59,90,65.75,CAD Specialist,AutoCAD
Adam Joyce,21,Civil Engineering,5,61,95,54,97,76.75,Project Manager,Structural Analysis
John Bell,21,Mechanical Engineering,7,94,50,51,72,66.75,Design Engineer,Project Management
Katrina West,21,AI & ML,3,68,93,82,66,77.25,AI Researcher,Deep Learning
Lawrence Marshall,34,Finance,7,96,71,82,88,84.25,Financial Analyst,Financial Modeling
David Mason,31,Mechanical Engineering,0,76,97,89,85,86.75,Maintenance Engineer,AutoCAD
Janet Diaz,23,Civil Engineering,1,83,96,66,69,78.5,Surveyor,Construction Management
Tina Hogan,26,AI & ML,6,94,77,97,69,84.25,ML Engineer,AI Ethics
Dr. Holly Jordan,27,Marketing,10,68,87,89,74,79.5,SEO Analyst,Social Media Marketing
James Brooks,34,Marketing,7,86,72,67,91,79.0,Digital Marketing Manager,Social Media Marketing
Lynn Cameron,31,Marketing,0,79,87,81,100,86.75,Content Strategist,Social Media Marketing
Lori Smith,35,Mechanical Engineering,5,70,89,58,66,70.75,CAD Specialist,AutoCAD
Allison Barnes,21,Mechanical Engineering,10,69,94,70,58,72.75,Design Engineer,AutoCAD
Wesley Chung,24,Civil Engineering,1,76,91,98,76,85.25,Surveyor,Structural Analysis
James Phillips,21,Finance,9,63,85,63,58,67.25,Accountant,Investment Analysis
Alexandra Ramos,21,Mechanical Engineering,1,59,77,57,55,62.0,Maintenance Engineer,AutoCAD
Jason Watson,30,AI & ML,0,85,94,74,93,86.5,ML Engineer,TensorFlow Basics
Hector Bullock,30,Mechanical Engineering,7,62,72,62,70,66.5,CAD Specialist,Project Management
Patrick Jenkins,21,Civil Engineering,2,83,58,92,88,80.25,Structural Engineer,Revit
Claudia Thomas,22,Mechanical Engineering,5,72,52,67,95,71.5,Design Engineer,Project Management
Samantha Vasquez,30,Finance,8,58,95,83,76,78.0,Financial Analyst,Investment Analysis
Timothy Sosa,23,Computer Science,1,84,55,75,78,73.0,Data Analyst,Data Structures
Natasha Hill,29,Civil Engineering,7,67,93,83,65,77.0,Structural Engineer,Construction Management
Sara Hicks,30,Civil Engineering,1,77,74,85,87,80.75,Structural Engineer,Structural Analysis
Jennifer Phillips,35,Mechanical Engineering,3,72,90,86,82,82.5,Maintenance Engineer,AutoCAD
Mark White,21,Civil Engineering,8,93,75,59,92,79.75,Project Manager,Construction Management
Megan Simpson,35,Civil Engineering,9,76,60,80,86,75.5,Project Manager,Structural Analysis
Amy Murray,29,Finance,7,93,97,57,95,85.5,Accountant,Financial Modeling
Joseph Johnson,35,Finance,5,87,100,100,84,92.75,Accountant,Investment Analysis
Christopher Hatfield,34,Finance,9,63,69,68,88,72.0,Accountant,Advanced Excel
Joseph Jones,26,Mechanical Engineering,6,80,86,60,70,74.0,CAD Specialist,SolidWorks
George Pollard,25,Civil Engineering,0,51,62,54,86,63.25,Surveyor,Construction Management
Jonathon Richardson,21,Marketing,3,87,97,90,79,88.25,Content Strategist,Content Strategy
Tara Cooke,26,AI & ML,0,76,88,88,89,85.25,ML Engineer,AI Ethics
Anna Johnson,27,Marketing,5,91,89,91,53,81.0,Digital Marketing Manager,Google Analytics
Donna Palmer,35,Finance,5,52,68,88,65,68.25,Accountant,Financial Modeling
Maria Ortega,34,Civil Engineering,5,100,67,94,80,85.25,Structural Engineer,Revit
Kyle Welch,30,AI & ML,0,94,59,53,53,64.75,Data Scientist,Deep Learning
Douglas Rhodes,30,Civil Engineering,1,51,82,74,65,68.0,Project Manager,Construction Management
Emily Miller,27,Computer Science,1,90,92,78,56,79.0,Full Stack Developer,Python Basics
Brittney Phillips,26,Computer Science,10,79,60,62,74,68.75,Full Stack Developer,Python Basics
Linda Moses,29,Computer Science,10,88,62,66,84,75.0,Software Engineer,Python Basics
Kimberly Castro,33,Finance,0,81,76,58,83,74.5,Risk Manager,Financial Modeling
Ronald Arnold,27,Civil Engineering,1,66,90,75,93,81.0,Project Manager,Revit
Dana Miranda,32,AI & ML,0,61,55,93,91,75.0,AI Researcher,TensorFlow Basics
Laura Hall,23,Computer Science,5,89,93,51,82,78.75,Full Stack Developer,Python Basics
Eddie Cooper,25,Marketing,5,54,52,91,63,65.0,Digital Marketing Manager,Content Strategy
Emily Smith,23,Mechanical Engineering,8,55,79,97,98,82.25,Design Engineer,AutoCAD
Lisa Morgan,28,Computer Science,2,93,88,85,90,89.0,Full Stack Developer,Python Basics
Tara Price,33,Civil Engineering,10,50,62,96,73,70.25,Project Manager,Construction Management
Lorraine Perry,22,Mechanical Engineering,1,90,85,84,51,77.5,Maintenance Engineer,SolidWorks
Ashley Shaw,26,Civil Engineering,0,71,77,76,56,70.0,Project Manager,Structural Analysis
Traci Blair,31,AI & ML,9,81,90,54,68,73.25,ML Engineer,AI Ethics
Jessica Rogers,24,Civil Engineering,10,88,61,51,88,72.0,Surveyor,Structural Analysis
James Delgado,26,Mechanical Engineering,6,70,59,90,58,69.25,Design Engineer,AutoCAD
Richard Ortiz,28,Mechanical Engineering,10,83,99,77,52,77.75,CAD Specialist,Project Management
Angela Ray,33,Computer Science,0,68,65,63,87,70.75,Full Stack Developer,Python Basics
Heidi Roman,35,Civil Engineering,6,96,68,90,94,87.0,Structural Engineer,Structural Analysis
Melissa Williams,29,Marketing,2,90,91,58,86,81.25,Content Strategist,Google Analytics
Stephen Gray,27,Finance,4,96,61,60,50,66.75,Financial Analyst,Financial Modeling
Hannah Carter,23,Civil Engineering,3,94,53,73,52,68.0,Project Manager,Construction Management
Larry Rodriguez,27,Computer Science,1,69,83,86,63,75.25,Data Analyst,Data Structures
Preston Hines,25,AI & ML,7,90,95,83,62,82.5,ML Engineer,TensorFlow Basics
Amy Allen,28,Computer Science,3,96,79,83,98,89.0,Full Stack Developer,Python Basics
Scott Gentry,33,Civil Engineering,1,71,71,91,50,70.75,Structural Engineer,Structural Analysis
Eric Cooper,23,Computer Science,4,89,73,69,60,72.75,Data Analyst,Data Structures
Elizabeth Smith,23,AI & ML,10,62,86,99,89,84.0,Data Scientist,AI Ethics
Elizabeth Fox,26,Mechanical Engineering,7,53,91,58,50,63.0,Design Engineer,Project Management
Robert Smith,33,AI & ML,6,82,86,53,60,70.25,Data Scientist,Deep Learning
Kelly Sosa,25,Civil Engineering,2,53,65,93,75,71.5,Project Manager,Revit
Jennifer Hernandez,30,AI & ML,3,75,71,51,66,65.75,AI Researcher,TensorFlow Basics
Alexandra Cummings,24,Mechanical Engineering,10,73,78,61,97,77.25,Design Engineer,AutoCAD
Mrs. Jocelyn Palmer MD,23,Computer Science,3,54,93,66,52,66.25,Full Stack Developer,Advanced SQL
Jose Navarro,26,Civil Engineering,6,91,78,51,73,73.25,Project Manager,Revit
Francis Tran,30,Finance,0,50,59,69,70,62.0,Risk Manager,Advanced Excel
Donna Russell,24,Marketing,6,62,67,57,92,69.5,Digital Marketing Manager,Social Media Marketing
Danielle Guzman,34,Mechanical Engineering,2,57,95,99,50,75.25,CAD Specialist,SolidWorks
Willie Carter Jr.,33,Civil Engineering,8,90,100,99,58,86.75,Project Manager,Structural Analysis
Jessica Walker,31,Computer Science,0,85,87,100,93,91.25,Software Engineer,Data Structures
Katherine Bowen,22,Computer Science,0,63,87,57,96,75.75,Software Engineer,Advanced SQL
Tom Rodriguez,31,Finance,3,57,95,71,94,79.25,Financial Analyst,Advanced Excel
Kelly Horton,33,Computer Science,1,50,87,64,77,69.5,Full Stack Developer,Advanced SQL
Anna Waller,29,Computer Science,10,73,77,51,99,75.0,Software Engineer,Python Basics
Misty Choi,22,Computer Science,9,69,84,99,96,87.0,Software Engineer,Data Structures
Andrew Baker,22,AI & ML,7,97,81,96,79,88.25,ML Engineer,Deep Learning
Renee Thornton,34,Mechanical Engineering,3,59,95,63,94,77.75,Design Engineer,SolidWorks
Russell Manning,27,AI & ML,2,95,65,60,90,77.5,AI Researcher,TensorFlow Basics
Robin Lynch,26,Finance,2,53,57,75,78,65.75,Risk Manager,Investment Analysis
Catherine Clark,33,Computer Science,10,79,63,63,87,73.0,Software Engineer,Data Structures
Kenneth Nichols,24,Finance,6,50,54,61,62,56.75,Accountant,Investment Analysis
Dr. Casey Wright,28,AI & ML,4,91,75,83,98,86.75,ML Engineer,AI Ethics
Jared Johnson,22,Marketing,1,95,98,60,96,87.25,SEO Analyst,Content Strategy
Nathan Reyes,26,Finance,9,53,100,54,70,69.25,Risk Manager,Advanced Excel
Paul Kane,26,Marketing,8,85,66,94,65,77.5,SEO Analyst,Content Strategy
Kayla Short,33,Computer Science,3,78,70,61,57,66.5,Data Analyst,Data Structures
Tyler Tucker,21,Marketing,1,74,58,92,74,74.5,SEO Analyst,Social Media Marketing
Christopher White,27,Marketing,5,66,66,58,59,62.25,SEO Analyst,Content Strategy
James Ford,30,Computer Science,7,69,84,69,59,70.25,Software Engineer,Python Basics
Felicia Herrera,30,Computer Science,7,51,74,63,90,69.5,Full Stack Developer,Python Basics
Katie Humphrey,22,Civil Engineering,2,58,74,89,66,71.75,Surveyor,Revit
Joshua Acevedo,22,AI & ML,8,52,87,67,60,66.5,AI Researcher,AI Ethics
Joshua Kelley,29,Mechanical Engineering,8,86,50,68,72,69.0,Maintenance Engineer,Project Management
Richard Clark,21,AI & ML,7,71,61,70,99,75.25,ML Engineer,AI Ethics
Bryan Sanchez,26,Civil Engineering,7,92,64,78,58,73.0,Project Manager,Construction Management
Julie Rice,25,Mechanical Engineering,2,83,88,84,70,81.25,Maintenance Engineer,Project Management
Lauren Morgan,28,Marketing,5,90,84,85,99,89.5,Content Strategist,Social Media Marketing
Mr. Eric Palmer,29,Marketing,2,78,68,84,94,81.0,Digital Marketing Manager,Social Media Marketing
Jennifer Huff,25,AI & ML,7,76,69,77,76,74.5,AI Researcher,Deep Learning
Stacy Rodriguez,33,Mechanical Engineering,8,65,78,58,61,65.5,Maintenance Engineer,SolidWorks
Michelle Fisher,33,Marketing,3,96,51,59,74,70.0,Digital Marketing Manager,Social Media Marketing
Dominique Gates,24,Computer Science,7,57,91,79,54,70.25,Data Analyst,Advanced SQL
Kristy Macias,33,AI & ML,4,94,86,61,100,85.25,AI Researcher,TensorFlow Basics
Nathan Sanchez,33,Mechanical Engineering,0,67,56,72,72,66.75,CAD Specialist,Project Management
Curtis Salas,21,Finance,0,75,77,64,97,78.25,Risk Manager,Investment Analysis
Danielle Gonzalez,30,Mechanical Engineering,4,72,76,51,81,70.0,CAD Specialist,SolidWorks
Katherine Jones,25,AI & ML,7,57,65,70,81,68.25,AI Researcher,AI Ethics
Cathy Johnson,24,AI & ML,4,77,64,96,76,78.25,Data Scientist,Deep Learning
Lauren Burnett,26,Civil Engineering,0,85,89,85,93,88.0,Surveyor,Structural Analysis
Alicia Pena,22,AI & ML,4,97,66,93,56,78.0,Data Scientist,AI Ethics
Nathan Harper,31,AI & ML,0,89,54,82,53,69.5,Data Scientist,Deep Learning
Daniel Webb,35,AI & ML,10,99,62,66,66,73.25,Data Scientist,Deep Learning
Theresa Bird,24,Finance,9,93,73,59,79,76.0,Risk Manager,Advanced Excel
Ralph Baxter,25,AI & ML,0,72,56,88,68,71.0,AI Researcher,TensorFlow Basics
Kenneth Jones,31,Marketing,0,84,68,80,94,81.5,Content Strategist,Content Strategy
Linda Walker,34,Mechanical Engineering,7,98,54,91,96,84.75,CAD Specialist,AutoCAD
Christina Powell,28,Civil Engineering,3,85,99,87,84,88.75,Structural Engineer,Structural Analysis
Patricia Owens,27,Marketing,4,56,79,74,52,65.25,SEO Analyst,Social Media Marketing
Melissa Galvan,30,AI & ML,2,61,80,72,73,71.5,AI Researcher,TensorFlow Basics
Robert Bradley,25,AI & ML,6,89,97,64,99,87.25,Data Scientist,Deep Learning
Elizabeth Lindsey,29,Computer Science,0,72,64,56,53,61.25,Software Engineer,Data Structures
Laura Lindsey,21,Marketing,1,88,62,63,87,75.0,SEO Analyst,Content Strategy
Johnny Avila,35,Civil Engineering,1,59,84,66,63,68.0,Project Manager,Revit
Daniel Williams,31,Finance,1,61,77,96,85,79.75,Accountant,Financial Modeling
Robert Contreras,24,Marketing,3,86,87,57,66,74.0,SEO Analyst,Social Media Marketing
Jessica Duran,22,Mechanical Engineering,0,52,75,82,73,70.5,Design Engineer,AutoCAD
James Perkins,34,AI & ML,8,87,96,97,92,93.0,ML Engineer,Deep Learning
Craig Robles,28,Mechanical Engineering,9,70,65,75,87,74.25,Design Engineer,SolidWorks
Mark Thompson,32,Computer Science,4,94,94,52,98,84.5,Software Engineer,Data Structures
Shane Moss,21,Finance,5,50,89,71,88,74.5,Financial Analyst,Investment Analysis
Lisa Jones,27,AI & ML,5,75,68,66,65,68.5,AI Researcher,TensorFlow Basics
Marie Keller,22,Civil Engineering,2,52,76,71,77,69.0,Project Manager,Structural Analysis
Maria Mcknight,28,Finance,8,74,76,51,73,68.5,Financial Analyst,Financial Modeling
Dr. Daniel Wallace,34,Finance,9,80,64,54,79,69.25,Financial Analyst,Investment Analysis
Jenny Bullock,33,Mechanical Engineering,4,50,83,56,72,65.25,CAD Specialist,Project Management
Joanne Williams,24,Civil Engineering,5,84,80,81,62,76.75,Surveyor,Construction Management
Mrs. Erin Moore DVM,30,Marketing,7,58,85,61,65,67.25,SEO Analyst,Social Media Marketing
Sharon Rivera,22,Finance,8,69,97,73,76,78.75,Risk Manager,Financial Modeling
Sandy Solis DDS,30,Mechanical Engineering,7,53,55,71,59,59.5,Maintenance Engineer,AutoCAD
Frank Davila,30,AI & ML,3,68,65,51,95,69.75,AI Researcher,AI Ethics
Ronald Watson,21,Finance,8,54,53,62,69,59.5,Accountant,Investment Analysis
Victor Daniels,29,Civil Engineering,7,83,70,83,66,75.5,Surveyor,Structural Analysis
Robin Page,32,Computer Science,5,63,95,87,63,77.0,Full Stack Developer,Python Basics
William Gilbert,23,Marketing,0,57,76,57,95,71.25,SEO Analyst,Google Analytics
Janet Johnson,26,Mechanical Engineering,2,66,81,51,58,64.0,CAD Specialist,Project Management
Joanna Martin,31,AI & ML,1,68,68,99,65,75.0,AI Researcher,Deep Learning
Carl Ross,28,AI & ML,3,100,56,99,97,88.0,Data Scientist,AI Ethics
Alexis Daniels,35,Computer Science,1,64,89,68,59,70.0,Software Engineer,Data Structures
Stephen Gonzalez,32,Finance,3,92,97,93,98,95.0,Accountant,Financial Modeling
Michelle Stewart,33,Marketing,2,66,99,94,68,81.75,Digital Marketing Manager,Social Media Marketing
Hailey Velasquez,26,Mechanical Engineering,9,70,92,61,62,71.25,Design Engineer,AutoCAD
Michael Harrison,30,Mechanical Engineering,10,59,100,57,76,73.0,CAD Specialist,SolidWorks
Emily Martin,31,AI & ML,3,50,57,59,53,54.75,AI Researcher,Deep Learning
Savannah Fischer,27,AI & ML,4,97,96,98,70,90.25,AI Researcher,TensorFlow Basics
Brittany Hogan,26,Computer Science,3,98,57,71,63,72.25,Software Engineer,Python Basics
Jennifer Simpson,33,Finance,2,69,76,63,72,70.0,Risk Manager,Financial Modeling
Carol Orr,25,AI & ML,4,86,70,83,57,74.0,AI Researcher,TensorFlow Basics
Erin Rose,23,AI & ML,10,92,73,62,50,69.25,AI Researcher,AI Ethics
Christina Barnes,32,Civil Engineering,10,55,73,99,60,71.75,Surveyor,Revit
Jennifer Torres,30,Marketing,5,68,59,67,100,73.5,SEO Analyst,Content Strategy
Rhonda Gordon,29,Marketing,6,93,50,65,67,68.75,SEO Analyst,Google Analytics
William Young,35,AI & ML,10,77,74,74,71,74.0,AI Researcher,AI Ethics
Peter Sutton,21,AI & ML,0,89,69,57,65,70.0,Data Scientist,AI Ethics
Stephanie Scott,27,AI & ML,10,64,86,68,83,75.25,AI Researcher,TensorFlow Basics
Mary Anderson,32,AI & ML,1,89,63,88,59,74.75,Data Scientist,Deep Learning
Mrs. Jennifer Rios,31,Civil Engineering,1,84,72,72,78,76.5,Project Manager,Revit
Michele Wallace,30,Civil Engineering,10,53,70,59,62,61.0,Surveyor,Revit
Yvonne Johnson,25,Civil Engineering,10,61,90,99,54,76.0,Structural Engineer,Construction Management
Melissa Griffith,25,Computer Science,5,87,98,91,66,85.5,Data Analyst,Python Basics
Janet Nicholson,26,Civil Engineering,1,66,95,90,86,84.25,Surveyor,Revit
Timothy Hensley,23,Marketing,5,55,93,98,86,83.0,SEO Analyst,Google Analytics
Michelle Stewart,35,Marketing,3,60,93,91,99,85.75,SEO Analyst,Google Analytics
Jason Roman,23,Mechanical Engineering,3,51,64,96,100,77.75,CAD Specialist,Project Management
Jacob Sanders,35,Mechanical Engineering,8,86,56,72,68,70.5,Design Engineer,SolidWorks
Angela Harrell,29,Finance,10,85,96,81,87,87.25,Risk Manager,Advanced Excel
Raymond Gonzalez,22,Civil Engineering,10,52,93,70,71,71.5,Project Manager,Structural Analysis
Robert Stevens,23,Mechanical Engineering,6,87,74,76,86,80.75,Maintenance Engineer,AutoCAD
Natalie Tyler,31,AI & ML,6,80,54,75,90,74.75,ML Engineer,Deep Learning
Ronald Calderon,29,Mechanical Engineering,4,82,66,85,58,72.75,Design Engineer,AutoCAD
Kevin Green,27,AI & ML,0,96,55,72,74,74.25,AI Researcher,Deep Learning
Michelle Palmer,23,Marketing,10,91,94,90,58,83.25,Content Strategist,Social Media Marketing
Shane Smith,21,AI & ML,9,76,77,54,59,66.5,Data Scientist,Deep Learning
Michael Garcia,27,Finance,0,78,82,61,54,68.75,Risk Manager,Investment Analysis
Christopher Holmes,35,AI & ML,9,71,97,72,84,81.0,ML Engineer,Deep Learning
John Guerrero,33,Finance,0,52,59,88,92,72.75,Financial Analyst,Investment Analysis
Andrew Leblanc,31,Finance,1,97,78,59,95,82.25,Financial Analyst,Advanced Excel
Robert Jefferson,21,Finance,3,91,63,87,98,84.75,Financial Analyst,Financial Modeling
Emma Wood,27,Mechanical Engineering,5,96,54,65,59,68.5,Design Engineer,SolidWorks
Dawn Randolph,27,Marketing,4,71,85,75,51,70.5,SEO Analyst,Google Analytics
Stephen Campbell,22,Computer Science,4,60,86,60,76,70.5,Software Engineer,Python Basics
Susan Luna,32,Marketing,7,60,68,71,92,72.75,Digital Marketing Manager,Google Analytics
James Romero,27,Mechanical Engineering,9,56,97,71,72,74.0,Design Engineer,Project Management
Thomas Freeman,27,AI & ML,7,82,53,77,87,74.75,Data Scientist,Deep Learning
Gloria Keith,29,AI & ML,4,89,84,94,98,91.25,Data Scientist,AI Ethics
Sabrina Marsh,29,Computer Science,1,78,86,59,84,76.75,Software Engineer,Advanced SQL
Jamie Christensen,26,Finance,4,92,87,64,51,73.5,Accountant,Financial Modeling
Karen Beltran,35,AI & ML,4,96,59,80,77,78.0,ML Engineer,Deep Learning
Cindy Holmes,34,Mechanical Engineering,3,89,69,75,63,74.0,CAD Specialist,Project Management
Paul Glover,29,Marketing,7,57,86,65,55,65.75,Digital Marketing Manager,Social Media Marketing
Dawn Singleton,30,AI & ML,5,50,58,68,69,61.25,AI Researcher,AI Ethics
Antonio Davis,26,Computer Science,2,90,76,72,85,80.75,Full Stack Developer,Data Structures
Meghan Guerra,31,Marketing,2,52,50,80,65,61.75,Content Strategist,Google Analytics
Ronald Hurley,33,Marketing,4,55,89,51,68,65.75,Digital Marketing Manager,Content Strategy
Kristina Moore,24,Mechanical Engineering,1,100,72,56,91,79.75,Design Engineer,Project Management
Michelle Green,33,Mechanical Engineering,4,81,84,78,83,81.5,Maintenance Engineer,SolidWorks
Jason Jensen,21,Civil Engineering,0,75,95,84,85,84.75,Surveyor,Revit
Elaine Brown,31,Finance,6,73,78,88,58,74.25,Accountant,Advanced Excel
David Smith,32,AI & ML,4,82,61,69,66,69.5,ML Engineer,Deep Learning
Angelica Kramer,29,Marketing,4,62,51,76,58,61.75,Content Strategist,Google Analytics
Lauren Johnson,25,AI & ML,1,59,98,50,79,71.5,ML Engineer,AI Ethics
Ann Wilson,25,AI & ML,5,89,85,63,57,73.5,Data Scientist,AI Ethics
Mark Walls,22,Civil Engineering,7,64,62,80,75,70.25,Structural Engineer,Construction Management
Carol Mathis,21,Computer Science,5,60,50,85,70,66.25,Full Stack Developer,Data Structures
Erin Ross,25,Finance,3,97,96,86,58,84.25,Risk Manager,Investment Analysis
Amy Bender,35,Civil Engineering,9,72,87,72,55,71.5,Surveyor,Structural Analysis
Derek Hood,35,Computer Science,4,68,72,64,52,64.0,Software Engineer,Advanced SQL
Rebecca Aguilar,28,Mechanical Engineering,8,50,88,76,96,77.5,CAD Specialist,AutoCAD
Sandy Butler,31,Finance,3,50,96,85,67,74.5,Risk Manager,Investment Analysis
Donna Sullivan,31,Computer Science,1,92,53,67,65,69.25,Software Engineer,Advanced SQL
Mary Lee,34,AI & ML,10,79,100,91,84,88.5,ML Engineer,AI Ethics
Cindy Roberts,35,Finance,0,69,90,58,77,73.5,Risk Manager,Investment Analysis
Alison Benson,35,Civil Engineering,0,64,75,73,90,75.5,Structural Engineer,Revit
Joseph Kelly,21,Mechanical Engineering,6,65,68,93,53,69.75,CAD Specialist,SolidWorks
Michael Miller,30,Civil Engineering,0,53,62,62,76,63.25,Structural Engineer,Construction Management
Melissa Bradley,27,Finance,2,82,66,74,96,79.5,Risk Manager,Advanced Excel
Ethan Wilkins,29,Mechanical Engineering,4,79,76,100,79,83.5,CAD Specialist,AutoCAD
Brandy Mcguire,23,Marketing,9,77,55,65,80,69.25,Digital Marketing Manager,Content Strategy
William Luna,27,AI & ML,3,66,83,71,86,76.5,AI Researcher,Deep Learning
Evelyn Harris,31,Finance,0,62,55,89,90,74.0,Accountant,Advanced Excel
Gregory Campbell,33,Marketing,1,83,72,81,54,72.5,Digital Marketing Manager,Google Analytics
Tonya Schroeder,24,AI & ML,8,72,80,92,81,81.25,ML Engineer,Deep Learning
Paige Lester,35,Finance,8,81,94,86,60,80.25,Accountant,Financial Modeling
Dr. Elizabeth Walton,29,Civil Engineering,9,65,55,60,71,62.75,Structural Engineer,Construction Management
Donna Douglas,24,Finance,9,72,50,64,65,62.75,Accountant,Investment Analysis
Tara Walker,25,Civil Engineering,3,61,100,65,51,69.25,Structural Engineer,Revit
Ashley White,21,Finance,7,74,76,60,97,76.75,Financial Analyst,Investment Analysis
Kathleen Moore,34,Civil Engineering,0,79,85,52,91,76.75,Project Manager,Construction Management
Dr. Beverly Herrera,23,Mechanical Engineering,5,99,71,63,86,79.75,Design Engineer,AutoCAD
Susan Conway,25,Marketing,4,56,65,100,52,68.25,Content Strategist,Social Media Marketing
Deborah Humphrey,35,Finance,0,68,52,86,51,64.25,Risk Manager,Financial Modeling
Paul Martin,27,Finance,9,51,98,52,94,73.75,Financial Analyst,Financial Modeling
Larry Conrad,25,Computer Science,4,98,64,84,95,85.25,Software Engineer,Data Structures
William Thompson,35,AI & ML,3,71,60,98,59,72.0,AI Researcher,TensorFlow Basics
Angel Bryan,23,AI & ML,6,69,65,62,80,69.0,ML Engineer,Deep Learning
Brooke Smith,31,Finance,10,82,100,81,71,83.5,Financial Analyst,Advanced Excel
Thomas Bailey,26,Mechanical Engineering,2,65,81,91,68,76.25,Design Engineer,Project Management
Jacob Wright,33,Finance,4,56,92,59,64,67.75,Risk Manager,Financial Modeling
Alyssa Diaz,27,AI & ML,8,89,83,86,86,86.0,AI Researcher,TensorFlow Basics
Jonathon Mayer,28,Finance,8,79,76,85,94,83.5,Risk Manager,Investment Analysis
Bonnie Keith,27,Computer Science,2,97,66,67,99,82.25,Data Analyst,Data Structures
Willie Donaldson,27,AI & ML,4,76,63,57,91,71.75,Data Scientist,Deep Learning
Jordan Martinez,34,Mechanical Engineering,5,75,59,93,98,81.25,CAD Specialist,Project Management
Natalie Glover,23,AI & ML,8,62,53,62,69,61.5,AI Researcher,AI Ethics
Jennifer Romero,30,Civil Engineering,2,80,54,64,60,64.5,Structural Engineer,Revit
Suzanne Serrano,26,Marketing,10,95,89,94,82,90.0,SEO Analyst,Google Analytics
Mrs. Karla Harrell,33,Marketing,9,50,63,57,77,61.75,Digital Marketing Manager,Google Analytics
Michael Franklin,29,AI & ML,3,70,84,74,91,79.75,ML Engineer,AI Ethics
Jeffrey Terry,23,AI & ML,3,71,75,79,69,73.5,ML Engineer,AI Ethics
Jose Clark,30,Finance,9,71,65,72,74,70.5,Accountant,Financial Modeling
Joseph Sanchez,28,Marketing,4,65,62,80,97,76.0,SEO Analyst,Social Media Marketing
Richard Martinez,35,AI & ML,7,60,99,99,66,81.0,Data Scientist,AI Ethics
Bob Brown,33,Marketing,7,92,52,74,79,74.25,Content Strategist,Google Analytics
Claire Parker,31,AI & ML,9,100,63,57,89,77.25,ML Engineer,AI Ethics
Michael Williams,24,Finance,1,65,65,100,51,70.25,Risk Manager,Advanced Excel
Jennifer Mccarty,33,AI & ML,0,69,75,57,95,74.0,Data Scientist,AI Ethics
Kevin Jones,35,Finance,9,93,80,82,68,80.75,Financial Analyst,Investment Analysis
Paul Perez,27,Finance,7,67,74,61,64,66.5,Financial Analyst,Investment Analysis
Dustin Ayala,27,Marketing,8,95,95,59,94,85.75,Digital Marketing Manager,Google Analytics
Christopher Schmitt,23,Civil Engineering,0,65,93,60,78,74.0,Structural Engineer,Construction Management
Jason Diaz,23,Finance,2,77,99,70,52,74.5,Risk Manager,Advanced Excel
Raymond Peterson,26,Civil Engineering,2,51,84,86,66,71.75,Structural Engineer,Revit
Judy Hendricks,21,Mechanical Engineering,4,78,90,76,59,75.75,Maintenance Engineer,Project Management
Brian Hardy,35,Mechanical Engineering,9,73,64,79,97,78.25,Design Engineer,AutoCAD
Lori Li,26,Civil Engineering,1,82,90,67,59,74.5,Structural Engineer,Revit
Daniel Wilkins,35,Finance,9,82,75,67,74,74.5,Financial Analyst,Advanced Excel
Brandon Wright,24,Civil Engineering,2,74,96,58,91,79.75,Surveyor,Structural Analysis
Wesley Dunn,27,Mechanical Engineering,5,97,59,97,61,78.5,CAD Specialist,SolidWorks
Margaret Watkins,32,Finance,10,73,86,66,99,81.0,Risk Manager,Advanced Excel
Jamie Jackson,33,Mechanical Engineering,1,87,76,52,89,76.0,Design Engineer,Project Management
Christopher Patterson MD,35,Marketing,5,96,95,95,89,93.75,Content Strategist,Social Media Marketing
Jonathan Nolan,26,Finance,5,79,56,67,94,74.0,Accountant,Investment Analysis
Patricia Simmons,35,Mechanical Engineering,6,76,51,66,64,64.25,Maintenance Engineer,SolidWorks
Kevin Hudson,21,Civil Engineering,1,89,53,70,58,67.5,Project Manager,Structural Analysis
Sean Lee,25,Mechanical Engineering,5,92,71,89,57,77.25,CAD Specialist,AutoCAD
Richard Anderson,35,Civil Engineering,9,81,88,78,88,83.75,Project Manager,Structural Analysis
James Sanders,25,Computer Science,8,54,92,100,93,84.75,Software Engineer,Advanced SQL
Derek Aguirre,32,AI & ML,6,66,82,94,63,76.25,AI Researcher,AI Ethics
Ian Jackson,24,AI & ML,1,59,88,80,79,76.5,Data Scientist,TensorFlow Basics
Jeremiah Johnson,29,Civil Engineering,2,75,96,73,97,85.25,Project Manager,Structural Analysis
Joan King,32,Finance,3,82,60,77,88,76.75,Accountant,Financial Modeling
Chelsea Garrett,34,Finance,0,62,96,96,70,81.0,Financial Analyst,Financial Modeling
Robert Davis,35,AI & ML,1,61,90,85,65,75.25,AI Researcher,Deep Learning
Barbara Martinez,27,Computer Science,10,60,84,54,50,62.0,Software Engineer,Advanced SQL
Steven Collins,35,AI & ML,7,69,61,97,50,69.25,Data Scientist,TensorFlow Basics
Nicholas Finley,22,AI & ML,4,62,65,78,67,68.0,Data Scientist,Deep Learning
Justin Vazquez,28,Civil Engineering,3,50,63,73,54,60.0,Project Manager,Structural Analysis
Connor Johnson,24,AI & ML,2,67,68,61,96,73.0,Data Scientist,Deep Learning
Samuel Garcia,22,Mechanical Engineering,7,84,55,81,77,74.25,CAD Specialist,AutoCAD
Jennifer Bender,22,Civil Engineering,6,51,68,63,80,65.5,Project Manager,Construction Management
Anthony Conner,28,Computer Science,0,78,84,79,66,76.75,Full Stack Developer,Data Structures
Maria Smith,24,Mechanical Engineering,7,79,78,55,59,67.75,Design Engineer,AutoCAD
Gregory Christensen,32,Finance,3,54,88,88,78,77.0,Risk Manager,Advanced Excel
Kayla Fritz,32,Civil Engineering,8,79,93,65,81,79.5,Project Manager,Structural Analysis
Jacob Jackson,27,AI & ML,10,57,62,84,52,63.75,Data Scientist,Deep Learning
Dr. William Brown DVM,30,Civil Engineering,6,100,68,52,87,76.75,Structural Engineer,Construction Management
Brenda Gilbert,34,Finance,7,89,73,58,89,77.25,Financial Analyst,Investment Analysis
Daniel Allen,26,AI & ML,5,54,76,73,74,69.25,AI Researcher,Deep Learning
Michelle Carroll,21,Mechanical Engineering,2,92,65,65,64,71.5,CAD Specialist,Project Management
Meghan Keller,27,Marketing,0,69,77,95,65,76.5,Content Strategist,Content Strategy
Tracy Hamilton,22,Civil Engineering,6,82,100,61,70,78.25,Structural Engineer,Structural Analysis
Terry Henry,34,AI & ML,0,53,98,64,83,74.5,ML Engineer,TensorFlow Basics
April Griffith,29,Computer Science,1,79,70,59,52,65.0,Software Engineer,Python Basics
Cody Rodriguez,28,Marketing,6,95,87,82,64,82.0,Content Strategist,Social Media Marketing
Kayla Miller,22,Mechanical Engineering,3,60,93,90,94,84.25,Maintenance Engineer,SolidWorks
Nichole Howard,32,Computer Science,10,95,78,93,71,84.25,Software Engineer,Advanced SQL
Sharon Clark,32,Computer Science,6,70,55,55,51,57.75,Full Stack Developer,Advanced SQL
Stephanie Freeman,35,Civil Engineering,5,50,93,75,77,73.75,Surveyor,Structural Analysis
Haley Morgan,26,Finance,8,67,91,50,100,77.0,Financial Analyst,Financial Modeling
Patricia Grant,35,Marketing,4,88,61,61,78,72.0,SEO Analyst,Content Strategy
Vanessa Miller,34,Marketing,3,89,66,69,62,71.5,Digital Marketing Manager,Social Media Marketing
Elizabeth Garcia,27,Mechanical Engineering,10,89,68,96,98,87.75,Design Engineer,AutoCAD
Kaitlyn Bird,25,Computer Science,4,90,72,87,93,85.5,Full Stack Developer,Data Structures
Richard Peters,27,Mechanical Engineering,8,67,66,90,65,72.0,Design Engineer,Project Management
Christian Horne,26,AI & ML,5,73,50,63,50,59.0,Data Scientist,AI Ethics
Sharon Gonzalez,31,Civil Engineering,7,66,79,73,99,79.25,Surveyor,Revit
Chad Johnston,26,Computer Science,7,56,63,62,80,65.25,Data Analyst,Data Structures
Tammy Kaiser,31,AI & ML,3,77,56,72,68,68.25,AI Researcher,TensorFlow Basics
Ellen Ramsey,26,Computer Science,9,76,73,71,81,75.25,Data Analyst,Data Structures
Thomas Acosta,25,Finance,9,62,81,82,75,75.0,Financial Analyst,Financial Modeling
Daniel Ponce,27,AI & ML,4,69,97,78,95,84.75,Data Scientist,Deep Learning
Cindy Watkins MD,27,Mechanical Engineering,3,73,88,84,79,81.0,CAD Specialist,AutoCAD
Dr. Pamela Larson,21,Marketing,4,53,70,93,60,69.0,Digital Marketing Manager,Content Strategy
Stephanie Rice,27,AI & ML,7,56,83,65,66,67.5,ML Engineer,Deep Learning
Tara Colon,34,Computer Science,6,83,61,61,94,74.75,Data Analyst,Advanced SQL
Bryan Olsen,27,Computer Science,3,89,75,67,90,80.25,Data Analyst,Python Basics
Abigail Perez,28,Finance,3,88,57,91,71,76.75,Financial Analyst,Investment Analysis
David Nelson,24,Computer Science,6,57,73,64,52,61.5,Software Engineer,Python Basics
Justin Sanford,35,AI & ML,7,64,65,72,53,63.5,AI Researcher,AI Ethics
Dennis Monroe,34,AI & ML,7,59,93,79,89,80.0,AI Researcher,Deep Learning
Charles Baker,27,Mechanical Engineering,4,90,52,76,74,73.0,Design Engineer,SolidWorks
Thomas Carter,29,Finance,6,72,73,57,89,72.75,Financial Analyst,Financial Modeling
Michelle Rich,25,AI & ML,3,79,70,94,99,85.5,ML Engineer,Deep Learning
Jesse Wallace,24,Mechanical Engineering,6,54,60,55,55,56.0,CAD Specialist,SolidWorks
Lori Benson,28,Civil Engineering,6,65,72,81,84,75.5,Structural Engineer,Revit
Chad Griffin,22,Finance,3,53,58,81,71,65.75,Accountant,Advanced Excel
Corey Blevins,26,Marketing,10,58,62,83,89,73.0,Content Strategist,Social Media Marketing
Kristina Flynn,28,Marketing,9,93,63,69,67,73.0,Content Strategist,Google Analytics
Nicole Murray,27,Computer Science,10,56,76,85,83,75.0,Full Stack Developer,Data Structures
Christopher Peterson,28,Civil Engineering,10,76,99,64,99,84.5,Structural Engineer,Revit
Martin Ellis,34,AI & ML,8,78,56,82,67,70.75,AI Researcher,Deep Learning
Kayla Kelley,21,AI & ML,10,93,76,71,62,75.5,AI Researcher,TensorFlow Basics
Sydney Gallagher,23,AI & ML,6,70,54,73,56,63.25,Data Scientist,TensorFlow Basics
Jessica Smith,32,Computer Science,3,60,97,73,87,79.25,Software Engineer,Advanced SQL
Mrs. Heather Quinn DVM,29,AI & ML,10,93,50,57,54,63.5,ML Engineer,Deep Learning
Vanessa Perry,35,Marketing,3,97,82,84,70,83.25,Content Strategist,Social Media Marketing
Mr. Scott Davis,21,Finance,1,61,78,57,53,62.25,Financial Analyst,Advanced Excel
Mr. James Harris,30,Civil Engineering,8,98,99,92,63,88.0,Structural Engineer,Structural Analysis
Joseph Reed,29,Finance,1,68,81,90,94,83.25,Financial Analyst,Advanced Excel
Amber Martin,30,Mechanical Engineering,2,94,51,68,70,70.75,Maintenance Engineer,AutoCAD
Daniel Carter,28,Finance,7,59,69,50,97,68.75,Accountant,Financial Modeling
Cindy Moore,34,Finance,6,96,93,81,55,81.25,Financial Analyst,Investment Analysis
Matthew Smith,24,Finance,3,62,100,91,99,88.0,Accountant,Financial Modeling
Cynthia Cook,22,Finance,10,100,91,61,63,78.75,Financial Analyst,Financial Modeling
Brandi Gibbs,32,Finance,3,83,52,97,57,72.25,Risk Manager,Investment Analysis
Chad Gentry,29,AI & ML,10,57,88,73,86,76.0,ML Engineer,Deep Learning
Emily Dyer,33,Civil Engineering,3,53,54,93,63,65.75,Project Manager,Revit
Michael Patrick,24,Civil Engineering,3,77,65,50,89,70.25,Project Manager,Construction Management
Donald Cunningham,35,Mechanical Engineering,9,87,94,69,74,81.0,Maintenance Engineer,AutoCAD
Katie Flores,27,Computer Science,5,67,61,54,58,60.0,Full Stack Developer,Data Structures
Michele Davis,29,Civil Engineering,8,62,81,96,84,80.75,Surveyor,Construction Management
Matthew Dominguez,30,Computer Science,10,62,72,88,69,72.75,Data Analyst,Python Basics
Lisa Kelly,32,Finance,4,70,65,76,88,74.75,Financial Analyst,Advanced Excel
Patricia White,35,Computer Science,2,53,52,80,85,67.5,Data Analyst,Python Basics
Austin Lee,30,AI & ML,10,94,89,51,52,71.5,ML Engineer,TensorFlow Basics
Russell Moon,28,AI & ML,6,56,95,57,89,74.25,AI Researcher,TensorFlow Basics
Danny Stone,21,AI & ML,1,67,55,78,58,64.5,Data Scientist,AI Ethics
James Garza,34,Marketing,4,80,94,97,67,84.5,SEO Analyst,Content Strategy
Matthew Spence,34,Mechanical Engineering,8,91,73,93,71,82.0,Design Engineer,SolidWorks
Johnny Short,29,Computer Science,10,93,72,79,84,82.0,Software Engineer,Data Structures
Paul Sanchez,22,Computer Science,2,60,57,87,82,71.5,Full Stack Developer,Advanced SQL
Stephanie Powers,35,Mechanical Engineering,10,54,55,67,52,57.0,Design Engineer,Project Management
Robert Wallace,28,Marketing,7,84,52,82,77,73.75,SEO Analyst,Social Media Marketing
Yesenia Atkinson,22,Marketing,0,55,64,88,69,69.0,SEO Analyst,Google Analytics
Jennifer Glover,25,Civil Engineering,8,72,67,68,90,74.25,Project Manager,Structural Analysis
Michael Washington,22,Computer Science,1,57,90,73,97,79.25,Full Stack Developer,Data Structures
Matthew Kim,23,AI & ML,1,89,61,61,75,71.5,ML Engineer,AI Ethics
Johnny Shelton,22,Finance,7,95,87,67,75,81.0,Accountant,Advanced Excel
Shelly Smith,26,Computer Science,7,54,77,81,80,73.0,Full Stack Developer,Python Basics
Julie Moyer,21,Finance,3,51,81,54,96,70.5,Financial Analyst,Investment Analysis
Daniel Gardner,31,Computer Science,5,60,81,84,50,68.75,Data Analyst,Advanced SQL
Mrs. Margaret Delgado,27,AI & ML,10,63,75,85,90,78.25,ML Engineer,Deep Learning
Tracy Horne,26,Computer Science,1,70,95,67,89,80.25,Data Analyst,Python Basics
Tiffany Gardner,24,Mechanical Engineering,4,71,57,100,98,81.5,CAD Specialist,SolidWorks
Martha Marsh,32,Computer Science,6,54,91,89,56,72.5,Full Stack Developer,Python Basics
Matthew Wilson,33,Finance,7,56,69,98,97,80.0,Financial Analyst,Financial Modeling
Jimmy Kelley,31,Mechanical Engineering,1,58,91,97,97,85.75,Maintenance Engineer,SolidWorks
John Williams,30,Civil Engineering,1,71,77,99,75,80.5,Structural Engineer,Revit
John Allen,22,Marketing,1,87,78,75,95,83.75,Digital Marketing Manager,Content Strategy
Lauren Hayes,23,Marketing,7,73,62,50,96,70.25,SEO Analyst,Content Strategy
Duane Hill,23,Marketing,10,65,82,68,93,77.0,Digital Marketing Manager,Content Strategy
Christopher Rodriguez,30,Finance,10,98,57,56,86,74.25,Financial Analyst,Investment Analysis
Scott Copeland,22,Finance,8,89,73,94,54,77.5,Accountant,Advanced Excel
Robert Williams,22,Finance,8,67,76,91,68,75.5,Accountant,Financial Modeling
Virginia Taylor,34,AI & ML,4,79,73,74,68,73.5,ML Engineer,Deep Learning
Julie Porter,22,AI & ML,1,78,75,61,78,73.0,AI Researcher,Deep Learning
Jennifer Good,32,Computer Science,7,71,51,84,81,71.75,Data Analyst,Python Basics
Dawn Powell,23,AI & ML,9,52,77,64,84,69.25,Data Scientist,AI Ethics
Jenna Obrien,23,Marketing,10,98,100,78,59,83.75,Content Strategist,Google Analytics
Nicholas Ayala,28,Mechanical Engineering,0,66,86,76,84,78.0,Design Engineer,SolidWorks
Matthew Palmer,27,Marketing,10,52,52,76,74,63.5,Content Strategist,Content Strategy
Shelly Martin,33,Marketing,7,56,69,74,50,62.25,Content Strategist,Social Media Marketing
Tara Caldwell,32,Computer Science,6,92,60,81,85,79.5,Full Stack Developer,Advanced SQL
Charles Rose MD,33,Marketing,1,61,62,60,57,60.0,Digital Marketing Manager,Google Analytics
Austin Crane,30,Mechanical Engineering,10,76,81,81,90,82.0,Design Engineer,SolidWorks
Susan Lewis,22,Marketing,5,88,50,94,93,81.25,Digital Marketing Manager,Social Media Marketing
Deborah Romero,26,Mechanical Engineering,1,64,86,89,75,78.5,CAD Specialist,Project Management
Michelle Baker,24,AI & ML,3,100,93,50,98,85.25,AI Researcher,TensorFlow Basics
Mary Perez,31,Civil Engineering,9,52,92,71,77,73.0,Project Manager,Construction Management
Corey Garcia,23,Computer Science,4,50,70,68,61,62.25,Data Analyst,Data Structures
Timothy Scott,24,Marketing,8,85,99,66,71,80.25,Content Strategist,Google Analytics
Christopher Smith,29,Mechanical Engineering,9,95,55,64,72,71.5,Maintenance Engineer,Project Management
Jessica Williamson,30,Computer Science,4,51,58,75,71,63.75,Data Analyst,Python Basics
Reginald Oneal,31,Mechanical Engineering,2,82,100,88,98,92.0,Design Engineer,SolidWorks
Samantha Hoover,31,Civil Engineering,5,99,57,51,69,69.0,Surveyor,Revit
Tracy Johnson,22,Civil Engineering,9,94,91,63,60,77.0,Surveyor,Structural Analysis
Grant Gilbert PhD,31,Finance,2,84,63,73,54,68.5,Accountant,Investment Analysis
Darlene King,31,Finance,4,96,93,54,83,81.5,Financial Analyst,Advanced Excel
Tracy Hardin,29,Civil Engineering,9,76,56,92,95,79.75,Structural Engineer,Revit
Willie Nguyen,29,Civil Engineering,0,95,60,95,90,85.0,Project Manager,Revit
Tammy Garcia,27,AI & ML,2,77,55,66,97,73.75,AI Researcher,AI Ethics
Dawn Kirk,29,Marketing,8,56,91,57,72,69.0,Digital Marketing Manager,Content Strategy
Connor Green,28,AI & ML,2,100,64,87,77,82.0,AI Researcher,TensorFlow Basics
Angela Guzman,25,Computer Science,0,74,90,99,70,83.25,Full Stack Developer,Python Basics
Diana Richardson,25,Finance,3,61,65,62,52,60.0,Financial Analyst,Investment Analysis
Andrew Lewis,30,Computer Science,6,53,51,57,92,63.25,Software Engineer,Advanced SQL
Vanessa Fisher,22,Finance,6,56,51,88,75,67.5,Risk Manager,Investment Analysis
Alison Wang,25,Civil Engineering,1,98,61,68,96,80.75,Structural Engineer,Construction Management
Robert Brandt,35,Marketing,5,91,100,89,54,83.5,Digital Marketing Manager,Google Analytics
Holly Berg,33,Civil Engineering,6,92,89,67,86,83.5,Structural Engineer,Construction Management
Michelle Salinas,23,Marketing,3,53,93,59,51,64.0,SEO Analyst,Social Media Marketing
Daisy Davis,24,Civil Engineering,8,92,60,95,77,81.0,Surveyor,Revit
Mackenzie Gomez,35,Finance,6,62,93,89,52,74.0,Risk Manager,Investment Analysis
Mr. Michael Kemp MD,21,Civil Engineering,5,70,55,89,64,69.5,Surveyor,Construction Management
James Baker,25,Computer Science,1,52,66,71,79,67.0,Data Analyst,Data Structures
Lauren Humphrey,24,AI & ML,6,97,99,51,98,86.25,AI Researcher,Deep Learning
Michael Foster,29,Civil Engineering,10,80,60,72,77,72.25,Project Manager,Structural Analysis
Suzanne Moore,21,Civil Engineering,4,56,66,60,56,59.5,Project Manager,Construction Management
Megan Valenzuela,25,Finance,6,75,98,70,56,74.75,Accountant,Investment Analysis
Jesse Knight,29,Civil Engineering,8,63,84,63,83,73.25,Structural Engineer,Construction Management
Johnny Johnson,27,AI & ML,4,57,84,69,94,76.0,ML Engineer,TensorFlow Basics
Courtney White,28,Civil Engineering,0,86,96,91,98,92.75,Surveyor,Structural Analysis
Victoria Lee,25,Mechanical Engineering,6,89,84,61,72,76.5,Design Engineer,Project Management
Briana Ortiz,31,Mechanical Engineering,0,50,71,97,89,76.75,CAD Specialist,AutoCAD
Debra Mitchell,35,Finance,6,67,86,63,64,70.0,Financial Analyst,Investment Analysis
Katherine Johnson,23,Marketing,2,93,85,56,81,78.75,Digital Marketing Manager,Content Strategy
Patricia Walker,33,Marketing,2,52,84,68,65,67.25,Digital Marketing Manager,Content Strategy
James Moore,31,Marketing,2,94,80,90,81,86.25,Content Strategist,Content Strategy
Sophia Lester,24,Finance,7,51,84,55,90,70.0,Risk Manager,Investment Analysis
Emily Chan,31,Finance,5,57,91,80,94,80.5,Accountant,Advanced Excel
Christine Rhodes,28,Mechanical Engineering,5,70,78,56,76,70.0,CAD Specialist,Project Management
John Grimes,27,Finance,4,89,67,90,72,79.5,Financial Analyst,Investment Analysis
Edward Palmer,35,Civil Engineering,4,73,100,70,52,73.75,Surveyor,Structural Analysis
Cheryl Davis,26,Finance,5,74,70,83,90,79.25,Accountant,Advanced Excel
Randy Ford,33,Computer Science,4,53,92,79,50,68.5,Software Engineer,Advanced SQL
Sarah Peters,23,Civil Engineering,3,64,100,62,87,78.25,Surveyor,Construction Management
Lisa Wilkinson,35,Marketing,5,79,62,88,94,80.75,Digital Marketing Manager,Content Strategy
Brooke Thompson,31,Marketing,5,91,78,62,66,74.25,SEO Analyst,Google Analytics
Briana Campbell,26,Civil Engineering,0,70,76,99,65,77.5,Structural Engineer,Construction Management
Micheal Williams,34,Marketing,10,59,75,59,71,66.0,Digital Marketing Manager,Google Analytics
Melissa Heath,31,Finance,9,78,80,60,57,68.75,Accountant,Financial Modeling
Jacob Everett,24,AI & ML,0,73,78,61,64,69.0,AI Researcher,TensorFlow Basics
Rachel Miller,28,Computer Science,7,72,66,98,54,72.5,Software Engineer,Data Structures
Dustin Moore,34,Finance,4,61,68,82,67,69.5,Accountant,Advanced Excel
Brandon Howard,32,AI & ML,6,63,95,91,62,77.75,Data Scientist,AI Ethics
Melinda Flores,31,Mechanical Engineering,8,99,69,50,58,69.0,CAD Specialist,AutoCAD
Madison Oconnell,32,Marketing,5,85,54,98,75,78.0,SEO Analyst,Social Media Marketing
Leonard Fowler,26,Marketing,3,86,50,51,51,59.5,Content Strategist,Content Strategy
Ashley Johnson,21,Computer Science,3,64,79,85,93,80.25,Full Stack Developer,Data Structures
Charlotte Price,34,Civil Engineering,6,69,68,78,51,66.5,Surveyor,Construction Management
Zachary Smith,21,Computer Science,7,78,100,73,68,79.75,Software Engineer,Advanced SQL
Laura Landry,30,Civil Engineering,9,100,89,85,91,91.25,Surveyor,Construction Management
Robert Figueroa,33,Computer Science,10,68,94,99,55,79.0,Data Analyst,Advanced SQL
Justin Carrillo,27,AI & ML,8,79,92,76,81,82.0,AI Researcher,Deep Learning
Marie Rangel,21,Mechanical Engineering,10,54,56,91,57,64.5,Design Engineer,Project Management
Jessica Doyle,24,Mechanical Engineering,6,88,82,54,64,72.0,Design Engineer,Project Management
David Green,23,Mechanical Engineering,6,63,61,95,99,79.5,Design Engineer,Project Management
Ms. Deborah Moses,34,AI & ML,4,81,50,91,54,69.0,ML Engineer,AI Ethics
Shelly Miller,28,Civil Engineering,1,68,99,52,61,70.0,Project Manager,Structural Analysis
Grace Lyons,33,Finance,10,72,80,94,79,81.25,Risk Manager,Investment Analysis
Derrick Robbins,29,Marketing,3,82,96,89,68,83.75,Digital Marketing Manager,Content Strategy
Heather Ballard,28,Civil Engineering,0,59,98,70,64,72.75,Structural Engineer,Revit
Daniel Buckley,29,Finance,3,88,61,92,84,81.25,Accountant,Advanced Excel
William Cole,24,Computer Science,3,99,83,86,97,91.25,Software Engineer,Data Structures
Nicole Davis,35,Computer Science,7,83,86,80,72,80.25,Data Analyst,Python Basics
Shawn Miranda,31,AI & ML,1,61,60,99,81,75.25,ML Engineer,TensorFlow Basics
Ronald Hester,23,Mechanical Engineering,5,56,51,84,71,65.5,CAD Specialist,SolidWorks
Michael Pham,27,Civil Engineering,0,52,65,92,98,76.75,Structural Engineer,Structural Analysis
Amber Bond,21,Civil Engineering,3,63,96,56,50,66.25,Surveyor,Construction Management
Robin Fox,26,AI & ML,6,83,80,59,50,68.0,ML Engineer,AI Ethics
Dr. Amanda Park,26,AI & ML,8,76,59,73,76,71.0,Data Scientist,AI Ethics
Jessica Harris,32,Computer Science,1,88,66,68,85,76.75,Software Engineer,Advanced SQL
Julia Sims,28,Civil Engineering,6,90,73,78,75,79.0,Structural Engineer,Structural Analysis
Andrew Williams,33,Marketing,8,84,60,77,73,73.5,Content Strategist,Social Media Marketing
Justin Lopez,26,Marketing,4,80,70,50,100,75.0,SEO Analyst,Google Analytics
Anthony Smith,24,Marketing,0,94,74,54,76,74.5,Digital Marketing Manager,Social Media Marketing
Malik Montoya DDS,29,Finance,9,99,82,58,78,79.25,Risk Manager,Advanced Excel
Lindsey Frank,31,AI & ML,6,55,92,68,51,66.5,AI Researcher,Deep Learning
Mary Fischer,27,Finance,1,97,53,89,96,83.75,Accountant,Advanced Excel
Valerie Woodard,28,Mechanical Engineering,2,96,74,56,97,80.75,CAD Specialist,AutoCAD
April Russo,33,AI & ML,10,69,65,100,98,83.0,ML Engineer,AI Ethics
Victoria Mathis,30,Mechanical Engineering,1,63,93,75,87,79.5,Design Engineer,SolidWorks
Andrew Fleming,29,Finance,6,75,56,71,77,69.75,Financial Analyst,Financial Modeling
Timothy Smith,22,Computer Science,5,71,100,86,72,82.25,Data Analyst,Advanced SQL
Brian Castillo,33,Computer Science,7,60,63,50,66,59.75,Data Analyst,Python Basics
Olivia Stephens,22,Mechanical Engineering,4,96,72,83,75,81.5,Design Engineer,AutoCAD
Vincent Rice,23,Finance,8,53,95,91,83,80.5,Financial Analyst,Financial Modeling
Sara Martin,27,Computer Science,5,90,82,93,76,85.25,Full Stack Developer,Advanced SQL
Claudia Roth,30,Computer Science,0,51,68,87,80,71.5,Software Engineer,Advanced SQL
Jordan Marshall,34,Mechanical Engineering,2,55,76,97,64,73.0,Maintenance Engineer,SolidWorks
Derrick Rodriguez,27,Civil Engineering,0,68,67,86,80,75.25,Structural Engineer,Structural Analysis
Donna Mccarthy,30,Finance,5,82,95,93,50,80.0,Accountant,Advanced Excel
Felicia Fernandez,22,AI & ML,5,56,97,100,71,81.0,AI Researcher,AI Ethics
Mr. Matthew Bryant,22,AI & ML,3,73,97,100,80,87.5,Data Scientist,Deep Learning
Roy Oconnor,26,Marketing,0,62,76,72,66,69.0,Content Strategist,Social Media Marketing
Benjamin Walker,24,Marketing,10,58,66,67,57,62.0,SEO Analyst,Google Analytics
Brianna Quinn,29,Finance,4,81,93,80,56,77.5,Risk Manager,Advanced Excel
Nicole Lucas,28,Computer Science,2,77,67,99,63,76.5,Full Stack Developer,Python Basics
Laura Hall,30,Finance,10,66,89,86,58,74.75,Accountant,Financial Modeling
Rick Case,26,Computer Science,5,83,84,60,60,71.75,Full Stack Developer,Data Structures
Richard Adams,22,Finance,2,69,71,53,65,64.5,Accountant,Advanced Excel
Sarah Gray,22,Civil Engineering,4,95,65,62,74,74.0,Project Manager,Construction Management
Caitlin Monroe,35,AI & ML,10,57,55,60,67,59.75,Data Scientist,AI Ethics
Mary Cox,30,Marketing,6,70,92,72,97,82.75,SEO Analyst,Google Analytics
Frank Contreras,29,Civil Engineering,1,83,67,54,63,66.75,Project Manager,Construction Management
Wendy Mcdonald,26,Computer Science,4,72,69,76,65,70.5,Software Engineer,Python Basics
Dana Dean,29,Marketing,2,56,88,94,83,80.25,SEO Analyst,Content Strategy
Paul Rogers,26,Civil Engineering,4,54,97,97,97,86.25,Surveyor,Structural Analysis
Rachael Tran,33,Finance,9,50,79,93,80,75.5,Risk Manager,Financial Modeling
Susan Johnson,31,Civil Engineering,0,86,55,80,87,77.0,Project Manager,Structural Analysis
Christian Taylor,31,AI & ML,0,69,99,61,89,79.5,Data Scientist,TensorFlow Basics
Jennifer Gonzalez,35,Civil Engineering,7,82,67,78,81,77.0,Project Manager,Revit
Richard Hoffman,34,Finance,5,99,79,100,79,89.25,Accountant,Financial Modeling
Travis Frazier,28,Mechanical Engineering,10,69,67,55,81,68.0,Maintenance Engineer,SolidWorks
Michael Larson,24,Finance,2,99,57,56,80,73.0,Accountant,Advanced Excel
Casey Long,21,Computer Science,6,70,91,62,86,77.25,Software Engineer,Advanced SQL
Curtis Davis,35,Civil Engineering,5,69,95,65,66,73.75,Project Manager,Structural Analysis
Julie King,21,Computer Science,2,64,67,100,67,74.5,Software Engineer,Advanced SQL
Eduardo Smith,31,Computer Science,7,80,65,96,52,73.25,Full Stack Developer,Python Basics
Theodore Harris,31,Finance,6,88,89,82,89,87.0,Financial Analyst,Advanced Excel
Kendra Gonzales,31,Marketing,1,69,69,62,69,67.25,SEO Analyst,Social Media Marketing
Jessica Blake,27,Civil Engineering,7,71,50,56,93,67.5,Structural Engineer,Construction Management
James Acosta,23,Finance,7,67,97,79,70,78.25,Risk Manager,Financial Modeling
David Zimmerman,24,Marketing,7,99,85,65,59,77.0,Digital Marketing Manager,Social Media Marketing
Rebecca Murphy,25,Computer Science,7,75,93,88,60,79.0,Data Analyst,Data Structures
Michael Chaney,34,Finance,4,86,57,86,95,81.0,Risk Manager,Investment Analysis
Courtney Collins,22,Finance,4,72,72,94,100,84.5,Accountant,Financial Modeling
Craig Buck,30,AI & ML,5,65,82,100,54,75.25,ML Engineer,AI Ethics
Randall Gordon,28,Marketing,9,71,72,81,58,70.5,Content Strategist,Content Strategy
Rebecca Smith,29,Civil Engineering,1,85,95,63,56,74.75,Structural Engineer,Structural Analysis
Donna Delacruz,25,Civil Engineering,10,61,78,53,61,63.25,Project Manager,Construction Management
Justin Glenn,34,Finance,4,77,83,76,97,83.25,Accountant,Financial Modeling
Lynn Thomas,24,Civil Engineering,3,52,57,50,63,55.5,Project Manager,Construction Management
Mr. Christopher Freeman,26,Finance,3,71,62,77,88,74.5,Accountant,Investment Analysis
Sally White,33,Finance,2,62,80,75,58,68.75,Financial Analyst,Financial Modeling
Christian Peterson,32,Marketing,8,92,65,89,83,82.25,SEO Analyst,Social Media Marketing
Dustin Robinson,24,Mechanical Engineering,9,79,98,81,89,86.75,Design Engineer,SolidWorks
Matthew Castillo,33,Computer Science,1,97,53,57,54,65.25,Software Engineer,Data Structures
Cynthia Moore,34,Computer Science,0,64,79,50,90,70.75,Software Engineer,Advanced SQL
Sara Hines,22,Marketing,1,90,63,82,63,74.5,Content Strategist,Google Analytics
Amanda Flores,31,Finance,9,72,69,54,95,72.5,Risk Manager,Financial Modeling
Julia Shepherd,27,Computer Science,2,62,74,60,80,69.0,Software Engineer,Data Structures
Monica Torres,34,Mechanical Engineering,4,55,50,93,97,73.75,Design Engineer,SolidWorks
Amanda Bailey,34,Marketing,1,79,74,72,50,68.75,SEO Analyst,Social Media Marketing
John Adams,23,AI & ML,5,74,89,56,70,72.25,AI Researcher,TensorFlow Basics
Alicia Shea,34,Mechanical Engineering,10,63,96,78,60,74.25,Maintenance Engineer,SolidWorks
Christopher Duarte,35,Civil Engineering,9,100,61,99,71,82.75,Project Manager,Structural Analysis
Chad Powers,30,Finance,7,62,64,99,51,69.0,Accountant,Investment Analysis
Loretta Wallace,21,Finance,2,89,73,69,87,79.5,Risk Manager,Advanced Excel
Matthew Owens,26,AI & ML,8,61,75,77,90,75.75,Data Scientist,Deep Learning
Jamie Turner,29,Civil Engineering,2,67,84,97,75,80.75,Project Manager,Revit
Elizabeth Shannon,23,Finance,6,70,70,94,58,73.0,Financial Analyst,Advanced Excel
Robert Simpson,29,Mechanical Engineering,4,77,88,100,91,89.0,CAD Specialist,AutoCAD
Emily Keller,26,Finance,2,91,94,65,86,84.0,Risk Manager,Financial Modeling
Sandra Riddle,30,Marketing,10,89,66,88,86,82.25,SEO Analyst,Content Strategy
Lance Roth,34,AI & ML,3,51,79,81,97,77.0,AI Researcher,Deep Learning
Sarah Burgess,27,Finance,5,71,55,58,60,61.0,Financial Analyst,Advanced Excel
Kimberly Pacheco,29,Mechanical Engineering,9,90,65,62,57,68.5,CAD Specialist,Project Management
Matthew Mclaughlin,23,AI & ML,9,90,66,79,68,75.75,Data Scientist,TensorFlow Basics
Eric Crawford,28,Computer Science,6,97,74,93,55,79.75,Full Stack Developer,Advanced SQL
Henry Johnson,27,AI & ML,5,60,92,87,57,74.0,AI Researcher,Deep Learning
Angela Warner,24,Marketing,4,98,76,54,76,76.0,SEO Analyst,Google Analytics
Darius Henderson,34,Mechanical Engineering,9,91,85,92,68,84.0,Maintenance Engineer,AutoCAD
Katie Reid,27,AI & ML,2,71,50,74,55,62.5,ML Engineer,AI Ethics
Jay Skinner,26,Marketing,10,66,78,81,59,71.0,SEO Analyst,Social Media Marketing
Jonathan Palmer,23,Civil Engineering,3,60,99,84,51,73.5,Project Manager,Construction Management
Allen Rivera,35,Marketing,9,100,58,97,81,84.0,SEO Analyst,Google Analytics
Tyler Wagner,31,Civil Engineering,2,68,60,89,60,69.25,Surveyor,Revit
Jennifer Jones,26,Finance,1,58,80,84,73,73.75,Accountant,Advanced Excel
Ms. Sophia Cooper DDS,24,Civil Engineering,3,98,100,100,85,95.75,Structural Engineer,Construction Management
Kenneth Robertson,29,Computer Science,6,59,93,78,74,76.0,Full Stack Developer,Python Basics
Jennifer Montgomery,32,Mechanical Engineering,10,52,73,61,90,69.0,CAD Specialist,Project Management
Nicole Gonzales,25,Computer Science,9,91,59,93,78,80.25,Data Analyst,Data Structures
Lisa Johns DDS,29,Mechanical Engineering,8,62,78,95,51,71.5,Design Engineer,Project Management
Maria Lopez,30,AI & ML,2,84,61,65,96,76.5,AI Researcher,Deep Learning
Jeffery Weber DDS,28,Civil Engineering,1,95,65,51,61,68.0,Project Manager,Structural Analysis
Jacqueline Clark,26,Computer Science,4,59,76,68,98,75.25,Data Analyst,Advanced SQL
Dr. Phillip Moore,24,Mechanical Engineering,6,57,83,66,83,72.25,Maintenance Engineer,Project Management
Tammy Brown,32,Computer Science,2,93,83,53,63,73.0,Software Engineer,Python Basics
Jessica Fry,23,AI & ML,7,90,77,58,84,77.25,ML Engineer,TensorFlow Basics
Jessica Johnson,35,Marketing,4,91,74,50,97,78.0,Digital Marketing Manager,Google Analytics
Eric Nelson,21,Marketing,2,65,53,67,88,68.25,Digital Marketing Manager,Google Analytics
April Moore,26,Computer Science,2,70,70,82,67,72.25,Software Engineer,Python Basics
Sandy Webster,26,Civil Engineering,6,50,72,89,91,75.5,Project Manager,Revit
Ashley Robinson,32,Marketing,4,90,52,64,84,72.5,SEO Analyst,Content Strategy
Laura Fitzgerald,24,AI & ML,4,95,64,56,97,78.0,Data Scientist,TensorFlow Basics
Bradley Morris,30,AI & ML,6,71,86,72,55,71.0,Data Scientist,Deep Learning
Larry Kaufman,28,Computer Science,1,100,76,77,77,82.5,Software Engineer,Python Basics
Sara Gray,22,Computer Science,6,71,84,94,91,85.0,Data Analyst,Data Structures
Kristen Monroe,22,Marketing,10,71,84,82,77,78.5,Digital Marketing Manager,Content Strategy
Christine Mckee,32,Computer Science,6,63,87,52,68,67.5,Software Engineer,Python Basics
Nathan Simpson,29,Civil Engineering,8,52,90,72,70,71.0,Surveyor,Structural Analysis
April Anderson,30,Computer Science,10,60,72,63,94,72.25,Data Analyst,Data Structures
Robert Duncan,31,AI & ML,9,57,55,82,60,63.5,ML Engineer,TensorFlow Basics
Anna Davis,28,Marketing,3,80,64,60,99,75.75,Content Strategist,Social Media Marketing
Nicole Carson,21,Marketing,6,55,60,80,69,66.0,SEO Analyst,Google Analytics
Amber Harris MD,35,AI & ML,3,54,89,66,62,67.75,ML Engineer,AI Ethics
Rebecca Powell,27,Mechanical Engineering,8,85,53,64,52,63.5,CAD Specialist,SolidWorks
John Anderson,23,Finance,9,86,65,76,94,80.25,Financial Analyst,Financial Modeling
Kimberly Hall,34,Computer Science,5,94,85,90,89,89.5,Software Engineer,Data Structures
Amanda Williams,27,Civil Engineering,10,83,64,91,63,75.25,Surveyor,Structural Analysis
Eric French,27,Mechanical Engineering,0,95,59,69,90,78.25,Maintenance Engineer,SolidWorks
Dr. Jeffrey Quinn,29,Civil Engineering,5,73,70,52,93,72.0,Structural Engineer,Construction Management
Yvonne George,34,Mechanical Engineering,2,90,52,54,100,74.0,CAD Specialist,AutoCAD
Kimberly Sanford,31,Mechanical Engineering,8,63,75,94,56,72.0,CAD Specialist,Project Management
Anthony Watkins,24,AI & ML,7,50,100,87,77,78.5,AI Researcher,AI Ethics
David Osborne,27,AI & ML,0,53,74,89,54,67.5,Data Scientist,TensorFlow Basics
Russell Costa,30,Marketing,1,81,90,92,53,79.0,Content Strategist,Social Media Marketing
Edward Green,25,Marketing,1,99,52,97,78,81.5,Digital Marketing Manager,Social Media Marketing
Amanda Wilcox,23,AI & ML,6,52,100,77,78,76.75,ML Engineer,AI Ethics
Alexis Roberts,23,Mechanical Engineering,1,51,56,90,62,64.75,Design Engineer,SolidWorks
Steven Adams,34,Civil Engineering,3,98,57,55,80,72.5,Project Manager,Revit
Vincent Bryant,29,Computer Science,10,63,100,76,84,80.75,Full Stack Developer,Advanced SQL
Joseph Oconnor,28,Finance,1,72,74,86,92,81.0,Risk Manager,Financial Modeling
Hannah Marquez,21,Marketing,1,82,89,69,66,76.5,Digital Marketing Manager,Social Media Marketing
Samuel Buck,27,Mechanical Engineering,7,81,98,79,73,82.75,CAD Specialist,AutoCAD
Matthew King,24,Computer Science,0,66,72,80,99,79.25,Data Analyst,Data Structures
Kevin Graves,34,Finance,2,62,64,52,57,58.75,Risk Manager,Investment Analysis
Terri Sanchez,34,Marketing,10,89,74,89,84,84.0,Content Strategist,Content Strategy
Lacey Lowery,32,Civil Engineering,7,55,71,66,98,72.5,Surveyor,Revit
Melissa Harris,28,Finance,3,62,62,72,86,70.5,Financial Analyst,Investment Analysis
Matthew Franco,28,Mechanical Engineering,8,67,84,50,76,69.25,Maintenance Engineer,AutoCAD
Christopher Hernandez,29,AI & ML,6,91,59,71,71,73.0,ML Engineer,Deep Learning
Jennifer Jackson,28,Marketing,8,75,85,73,93,81.5,SEO Analyst,Content Strategy
Julia Lopez,28,Mechanical Engineering,5,57,88,79,89,78.25,Maintenance Engineer,Project Management
Caroline James,24,Marketing,8,74,92,76,90,83.0,Content Strategist,Google Analytics
Robert Bennett,29,Finance,1,68,60,81,66,68.75,Risk Manager,Investment Analysis
Angela Brown,31,AI & ML,1,68,77,74,88,76.75,Data Scientist,Deep Learning
Morgan Kim,28,Civil Engineering,3,56,72,89,89,76.5,Project Manager,Structural Analysis
Cory Lee MD,32,Finance,6,82,99,87,57,81.25,Accountant,Advanced Excel
Devin Castillo,27,Marketing,7,50,99,89,93,82.75,Content Strategist,Social Media Marketing
Daniel Garcia,33,Computer Science,1,68,50,62,57,59.25,Data Analyst,Data Structures
Veronica Rodriguez,25,AI & ML,6,94,93,60,92,84.75,AI Researcher,Deep Learning
Adam Orr,30,Civil Engineering,9,72,78,84,93,81.75,Project Manager,Construction Management
Rachel Meyer,32,Marketing,5,82,100,59,60,75.25,Content Strategist,Social Media Marketing
Todd Buchanan,34,AI & ML,7,70,57,60,76,65.75,ML Engineer,AI Ethics
Anthony Jones,35,AI & ML,2,60,65,65,74,66.0,ML Engineer,Deep Learning
Lisa Morris,22,Finance,7,87,98,99,97,95.25,Financial Analyst,Financial Modeling
Maurice Johnson,25,Marketing,10,99,50,64,54,66.75,SEO Analyst,Social Media Marketing
Cheryl Martin,30,AI & ML,8,64,74,57,74,67.25,AI Researcher,AI Ethics
Mr. Brian Kaufman Jr.,29,Marketing,9,63,50,69,54,59.0,Content Strategist,Google Analytics
James Shepherd,21,Marketing,7,83,51,86,76,74.0,Content Strategist,Content Strategy
Alexander Brown,24,Mechanical Engineering,6,75,64,71,83,73.25,Design Engineer,SolidWorks
Kevin Bray,30,Marketing,0,79,85,99,88,87.75,Digital Marketing Manager,Google Analytics
Thomas Duarte,21,Computer Science,0,61,88,57,66,68.0,Data Analyst,Data Structures
Jeffrey Russell,29,AI & ML,10,52,88,98,90,82.0,Data Scientist,TensorFlow Basics
Joshua Orozco,26,AI & ML,2,95,60,55,86,74.0,AI Researcher,TensorFlow Basics
Susan Moreno,35,AI & ML,7,93,90,72,71,81.5,Data Scientist,Deep Learning
David Reyes,26,Civil Engineering,3,56,57,79,66,64.5,Project Manager,Structural Analysis
Eric Martin,25,Computer Science,0,86,84,92,66,82.0,Software Engineer,Data Structures
Vernon Wilson,24,Computer Science,6,84,77,63,71,73.75,Data Analyst,Python Basics
Timothy Reeves,28,AI & ML,7,88,95,61,83,81.75,AI Researcher,TensorFlow Basics
Sarah Farley,28,Civil Engineering,2,60,83,56,99,74.5,Structural Engineer,Construction Management
Megan Burgess,24,Civil Engineering,5,51,52,84,62,62.25,Surveyor,Revit
Kathleen Santiago,35,Civil Engineering,0,64,76,81,96,79.25,Structural Engineer,Structural Analysis
Amanda Chang,32,Computer Science,10,86,92,57,54,72.25,Data Analyst,Advanced SQL
Heather Howe,25,AI & ML,3,63,58,58,75,63.5,ML Engineer,AI Ethics
Xavier Banks,31,Civil Engineering,7,78,77,81,87,80.75,Surveyor,Structural Analysis
Kimberly Mitchell,31,AI & ML,4,93,85,83,57,79.5,AI Researcher,AI Ethics
Paul Love,25,AI & ML,6,50,76,57,65,62.0,Data Scientist,TensorFlow Basics
Daniel Ward,22,Finance,7,53,54,88,86,70.25,Financial Analyst,Advanced Excel
Brenda Dunn,23,Finance,4,70,95,88,93,86.5,Financial Analyst,Investment Analysis
Dr. Crystal Caldwell,28,AI & ML,0,97,73,50,76,74.0,Data Scientist,Deep Learning
Kristen Cain,23,Civil Engineering,0,92,76,88,70,81.5,Surveyor,Structural Analysis
Cody Schroeder,27,Marketing,3,54,76,50,76,64.0,Content Strategist,Content Strategy
Dr. Kenneth Garrett DDS,29,Civil Engineering,10,56,79,52,51,59.5,Structural Engineer,Revit
Gary King,22,Mechanical Engineering,8,78,67,81,83,77.25,Maintenance Engineer,SolidWorks
Matthew Parker,29,Civil Engineering,5,74,57,52,96,69.75,Surveyor,Structural Analysis
George Hunt,25,Marketing,0,59,82,69,94,76.0,Digital Marketing Manager,Google Analytics
Mrs. Katherine Baker,23,AI & ML,8,65,79,93,86,80.75,AI Researcher,TensorFlow Basics
Carrie Kramer,24,Finance,3,94,77,50,82,75.75,Accountant,Advanced Excel
John Delgado,21,Finance,5,91,55,89,57,73.0,Financial Analyst,Financial Modeling
Christopher Richards,30,AI & ML,10,86,98,82,50,79.0,ML Engineer,AI Ethics
Nancy Mueller,31,Civil Engineering,5,89,96,71,51,76.75,Project Manager,Revit
Shelby Rosales,24,Civil Engineering,7,68,65,75,78,71.5,Surveyor,Structural Analysis
Jacqueline Bond,32,Marketing,1,88,93,54,95,82.5,SEO Analyst,Content Strategy
Robert Robinson,31,Finance,3,54,70,84,82,72.5,Accountant,Advanced Excel
Timothy Anderson,32,Marketing,0,92,57,95,93,84.25,SEO Analyst,Google Analytics
Pamela Clark,21,Mechanical Engineering,8,78,85,70,58,72.75,Maintenance Engineer,Project Management
Nicole Berg,22,AI & ML,10,67,84,52,60,65.75,Data Scientist,TensorFlow Basics
Derek Brown,33,AI & ML,2,86,98,87,94,91.25,AI Researcher,TensorFlow Basics
Andrea Sanders,21,AI & ML,2,97,90,85,75,86.75,ML Engineer,Deep Learning
Adrian Castillo,25,Computer Science,9,68,88,81,91,82.0,Software Engineer,Data Structures
Amanda Lane,24,AI & ML,6,54,68,73,59,63.5,AI Researcher,TensorFlow Basics
Jasmine Peters,24,Finance,4,88,96,80,91,88.75,Accountant,Investment Analysis
Teresa Fowler,31,Civil Engineering,10,83,54,54,57,62.0,Project Manager,Structural Analysis
Kimberly Day,25,Marketing,6,55,71,73,90,72.25,Content Strategist,Google Analytics
Jackie Cruz,22,Civil Engineering,7,90,85,84,88,86.75,Structural Engineer,Revit
Heidi Hurst,30,Mechanical Engineering,10,79,75,55,86,73.75,CAD Specialist,Project Management
Jessica Lopez,33,Computer Science,5,70,96,85,82,83.25,Software Engineer,Advanced SQL
Theresa Rodriguez,35,Finance,6,62,69,78,84,73.25,Financial Analyst,Financial Modeling
Scott Reyes,30,Finance,9,80,78,88,86,83.0,Risk Manager,Advanced Excel
Bonnie Rivera,34,Mechanical Engineering,4,81,84,92,89,86.5,Maintenance Engineer,AutoCAD
Guy Velasquez,26,Computer Science,0,93,88,72,61,78.5,Data Analyst,Data Structures
Sandra Bowen,31,Computer Science,1,65,60,75,99,74.75,Software Engineer,Advanced SQL
Bryce Martinez,28,AI & ML,8,66,71,58,61,64.0,ML Engineer,Deep Learning
Kayla Green,35,Marketing,9,91,99,92,52,83.5,SEO Analyst,Social Media Marketing
Kevin Robinson,24,Civil Engineering,8,98,70,53,81,75.5,Structural Engineer,Structural Analysis
Jessica Goodwin,32,Finance,8,54,51,67,83,63.75,Accountant,Advanced Excel
Daryl Lynch,28,Finance,8,92,66,73,84,78.75,Accountant,Financial Modeling
Nicole Mccann,25,Marketing,7,58,100,57,92,76.75,SEO Analyst,Social Media Marketing
Richard Jones,29,Finance,9,70,86,58,96,77.5,Financial Analyst,Financial Modeling
Katherine Curtis,34,Marketing,3,68,55,77,76,69.0,Content Strategist,Google Analytics
Amy Walker,28,Civil Engineering,0,89,52,86,97,81.0,Project Manager,Revit
David Keller,22,Computer Science,9,78,96,93,61,82.0,Software Engineer,Advanced SQL
Kaitlyn Davis,24,AI & ML,5,97,95,99,85,94.0,ML Engineer,TensorFlow Basics
Stacy Howard,30,Finance,10,76,73,56,83,72.0,Accountant,Investment Analysis
April Morris,34,Marketing,0,100,73,80,50,75.75,Content Strategist,Content Strategy
Susan Salinas,32,AI & ML,9,83,79,80,54,74.0,Data Scientist,Deep Learning
James Carter,34,Computer Science,4,61,59,95,83,74.5,Full Stack Developer,Advanced SQL
Julia Brooks,31,Civil Engineering,0,84,90,81,68,80.75,Project Manager,Structural Analysis
Janet Jenkins,22,Computer Science,1,79,78,60,67,71.0,Software Engineer,Python Basics
Ryan Chavez,24,Civil Engineering,10,76,51,64,55,61.5,Surveyor,Construction Management
Isaac Carr,32,Finance,2,92,98,68,50,77.0,Risk Manager,Investment Analysis
Nicholas Murphy,33,Marketing,8,92,98,81,83,88.5,SEO Analyst,Content Strategy
Amy Robinson,31,Computer Science,3,67,96,99,56,79.5,Software Engineer,Advanced SQL
Brian George,26,Marketing,7,88,71,93,62,78.5,Digital Marketing Manager,Google Analytics
Jesse Clark,29,Civil Engineering,10,53,94,58,90,73.75,Surveyor,Construction Management
Lindsay Lewis,26,Mechanical Engineering,1,55,98,81,97,82.75,Maintenance Engineer,AutoCAD
Michael Mcdaniel,25,Mechanical Engineering,9,73,81,52,52,64.5,Maintenance Engineer,AutoCAD
Daniel Mcclure,26,Mechanical Engineering,2,87,92,97,90,91.5,CAD Specialist,Project Management
Donna Murphy,24,Civil Engineering,9,99,64,98,71,83.0,Structural Engineer,Construction Management
Paula Savage,26,Mechanical Engineering,0,79,58,87,95,79.75,Design Engineer,Project Management
Douglas Bautista,29,Civil Engineering,10,82,90,51,52,68.75,Surveyor,Construction Management
Zachary Howard,27,Civil Engineering,0,74,60,91,89,78.5,Project Manager,Construction Management
Michael Flores,24,AI & ML,7,66,88,79,81,78.5,Data Scientist,TensorFlow Basics
Justin Davidson DDS,27,Computer Science,9,71,98,82,85,84.0,Software Engineer,Python Basics
Gwendolyn Underwood,23,Finance,8,60,97,56,77,72.5,Accountant,Advanced Excel
Theresa Johnson,26,Mechanical Engineering,1,56,84,98,58,74.0,CAD Specialist,Project Management
Andrew Wagner,35,Computer Science,6,84,84,95,78,85.25,Full Stack Developer,Advanced SQL
Michelle Parks,31,Marketing,2,62,97,73,98,82.5,Content Strategist,Social Media Marketing
William Salas,22,Mechanical Engineering,3,100,65,72,84,80.25,Design Engineer,Project Management
Jennifer Hill,30,Computer Science,8,82,55,56,85,69.5,Software Engineer,Data Structures
Stacey Sullivan,22,Marketing,9,92,65,55,84,74.0,SEO Analyst,Google Analytics
Brian Holmes,23,AI & ML,7,93,89,86,60,82.0,ML Engineer,AI Ethics
Chad Kelly,30,Computer Science,7,85,65,64,61,68.75,Software Engineer,Python Basics
Kevin Moore,23,Mechanical Engineering,2,73,52,92,83,75.0,CAD Specialist,Project Management
Benjamin Bates,28,Civil Engineering,10,58,90,84,55,71.75,Surveyor,Construction Management
Heather Key,22,Civil Engineering,6,90,58,79,89,79.0,Surveyor,Construction Management
Rebecca Wilson,28,Finance,2,92,77,62,66,74.25,Risk Manager,Financial Modeling
Kathleen Garza,23,Marketing,4,85,99,50,58,73.0,Digital Marketing Manager,Google Analytics
Tina Elliott,25,Marketing,9,81,99,89,62,82.75,Digital Marketing Manager,Content Strategy
Michael Arnold,23,Civil Engineering,3,55,93,51,70,67.25,Surveyor,Structural Analysis
Jason Nolan,28,Finance,2,50,58,65,81,63.5,Financial Analyst,Advanced Excel
Amanda Gay,33,Mechanical Engineering,0,94,85,93,82,88.5,Maintenance Engineer,Project Management
Michael Mitchell,25,Marketing,0,87,50,55,89,70.25,SEO Analyst,Content Strategy
Nicholas Richmond,30,Finance,7,100,66,56,86,77.0,Risk Manager,Advanced Excel
Dr. Jonathan Jones Jr.,22,Computer Science,8,76,52,90,74,73.0,Data Analyst,Data Structures
Frank Baker,22,Civil Engineering,1,63,88,74,84,77.25,Structural Engineer,Structural Analysis
Christopher Olson,21,Mechanical Engineering,9,67,69,79,79,73.5,CAD Specialist,AutoCAD
Christian Shaw,32,Marketing,6,53,90,95,56,73.5,Content Strategist,Content Strategy
Stephanie Coleman,32,AI & ML,2,84,73,58,76,72.75,AI Researcher,AI Ethics
Wesley Smith,21,Marketing,7,61,87,89,76,78.25,SEO Analyst,Google Analytics
Dylan Stone,22,Marketing,4,60,53,76,69,64.5,Digital Marketing Manager,Content Strategy
Sean Sanchez,23,Computer Science,1,70,98,55,90,78.25,Full Stack Developer,Data Structures
Zachary Conner,23,Marketing,8,62,75,87,83,76.75,Content Strategist,Content Strategy
Joshua Hernandez,24,AI & ML,7,59,66,61,55,60.25,ML Engineer,TensorFlow Basics
Patricia Smith,32,Finance,1,92,100,79,80,87.75,Financial Analyst,Financial Modeling
Gerald Griffin,27,Finance,9,97,66,51,82,74.0,Financial Analyst,Financial Modeling
James Hart,35,Marketing,1,55,79,80,75,72.25,Digital Marketing Manager,Google Analytics
Michele Davis,26,Civil Engineering,8,55,89,57,83,71.0,Project Manager,Revit
Nicole Solis,32,Computer Science,7,95,89,79,76,84.75,Data Analyst,Data Structures
Raymond Baker,26,Marketing,6,83,65,55,55,64.5,Content Strategist,Content Strategy
Mrs. Christina Cardenas,35,Mechanical Engineering,5,80,78,85,93,84.0,CAD Specialist,SolidWorks
Allison Marsh,25,AI & ML,5,83,66,72,59,70.0,AI Researcher,Deep Learning
Christian Hayes,33,Computer Science,6,74,78,61,85,74.5,Full Stack Developer,Advanced SQL
Jason Ramirez,27,AI & ML,1,97,66,68,96,81.75,ML Engineer,AI Ethics
Robert Scott,35,Finance,6,62,58,66,88,68.5,Financial Analyst,Financial Modeling
Anne Ford,29,Civil Engineering,8,65,79,67,56,66.75,Structural Engineer,Construction Management
James Leonard,29,AI & ML,1,68,82,75,59,71.0,ML Engineer,AI Ethics
Emily Taylor,33,Finance,9,57,65,93,57,68.0,Financial Analyst,Financial Modeling
Jessica Hall,24,Finance,8,90,79,77,52,74.5,Accountant,Financial Modeling
Debra Dunn,35,Finance,4,93,55,68,98,78.5,Accountant,Investment Analysis
Hannah Brown,22,Mechanical Engineering,9,80,92,64,92,82.0,Design Engineer,AutoCAD
Scott Kim,33,AI & ML,2,96,54,92,62,76.0,ML Engineer,Deep Learning
John Edwards,24,Finance,4,76,59,69,60,66.0,Accountant,Financial Modeling
Joshua Martin,22,Marketing,9,62,55,73,75,66.25,Digital Marketing Manager,Social Media Marketing
Kelly Gibson,28,AI & ML,0,95,68,92,73,82.0,AI Researcher,AI Ethics
Tanner Harper,34,Mechanical Engineering,4,64,84,78,91,79.25,Design Engineer,AutoCAD
Larry Flores,24,Mechanical Engineering,6,90,80,71,73,78.5,Design Engineer,Project Management
Melissa Sanders,24,Marketing,10,74,75,51,62,65.5,SEO Analyst,Social Media Marketing
Sara Dyer,22,Computer Science,6,84,64,93,97,84.5,Data Analyst,Python Basics
Dalton Horn,21,Civil Engineering,1,57,68,84,72,70.25,Project Manager,Revit
Sarah Cook,21,Computer Science,9,74,95,52,70,72.75,Data Analyst,Advanced SQL
Tonya Fuller,28,Mechanical Engineering,6,62,87,97,57,75.75,Design Engineer,Project Management
